number,clientid,clientbd,didahotelid,didahotelname_cn,didahotelcountryname_en,didahoteldestinationname_cn,didahotelstarrating,didahotelchainname,roomname,roomtype,bedtype,boardtype,status,checkindate,checkoutdate,roomnightcount,pricecny,netratecny,combinedrevenuecny,kpirevenuecny,isdirectcontract,leadtimehour,createtime,confirmtime,campaign_id
ORD2026090000,c_5000,BD_A,1001005,Parkroyal Collection Marina Bay,Singapore,Singapore,4,Global Chain,Deluxe Room,Standard,King,Breakfast,1,2026-09-17,2026-09-21,4,1999.11,1699.24,299.87,239.89,False,677,2026-08-01T14:00:00,2026-08-02T00:00:00,CAMP_F1_SG_2026
ORD2026090001,c_5002,BD_A,1001003,Pan Pacific Singapore,Singapore,Singapore,5,Global Chain,Deluxe Room,Standard,King,Breakfast,1,2026-09-20,2026-09-22,2,1310.85,1114.22,196.63,157.3,False,564,2026-08-01T21:00:00,2026-08-02T00:00:00,
ORD2026090002,c_5003,BD_A,1001003,Pan Pacific Singapore,Singapore,Singapore,5,Global Chain,Deluxe Room,Standard,King,Breakfast,1,2026-09-23,2026-09-26,3,3768.11,3202.89,565.22,452.17,True,82,2026-08-01T07:00:00,2026-08-02T00:00:00,
ORD2026090003,c_5004,BD_A,1001001,Marina Bay Sands,Singapore,Singapore,5,Global Chain,Deluxe Room,Standard,King,Breakfast,1,2026-09-25,2026-09-27,2,2121.41,1803.2,318.21,254.57,False,261,2026-08-01T11:00:00,2026-08-02T00:00:00,
ORD2026090004,c_5005,BD_A,1001003,Pan Pacific Singapore,Singapore,Singapore,5,Global Chain,Deluxe Room,Standard,King,Breakfast,1,2026-09-16,2026-09-18,2,3669.91,3119.42,550.49,440.39,True,28,2026-08-01T23:00:00,2026-08-02T00:00:00,CAMP_F1_SG_2026
ORD2026090005,c_5006,BD_A,1001003,Pan Pacific Singapore,Singapore,Singapore,5,Global Chain,Deluxe Room,Standard,King,Breakfast,1,2026-09-21,2026-09-24,3,1071.46,910.74,160.72,128.58,True,546,2026-08-01T18:00:00,2026-08-02T00:00:00,
ORD2026090006,c_5007,BD_A,1001003,Pan Pacific Singapore,Singapore,Singapore,5,Global Chain,Deluxe Room,Standard,King,Breakfast,1,2026-09-25,2026-09-28,3,771.51,655.78,115.73,92.58,True,42,2026-08-01T05:00:00,2026-08-02T00:00:00,CAMP_F1_SG_2026
ORD2026090007,c_5008,BD_A,1001005,Parkroyal Collection Marina Bay,Singapore,Singapore,4,Global Chain,Deluxe Room,Standard,King,Breakfast,1,2026-09-22,2026-09-25,3,4180.55,3553.47,627.08,501.67,False,570,2026-08-01T04:00:00,2026-08-02T00:00:00,CAMP_F1_SG_2026
ORD2026090008,c_5009,BD_A,1001002,The Fullerton Hotel Singapore,Singapore,Singapore,5,Global Chain,Deluxe Room,Standard,King,Breakfast,1,2026-09-20,2026-09-22,2,4685.59,3982.75,702.84,562.27,True,520,2026-08-01T11:00:00,2026-08-02T00:00:00,CAMP_F1_SG_2026
ORD2026090009,c_5011,BD_A,1001004,Swissotel The Stamford,Singapore,Singapore,5,Global Chain,Deluxe Room,Standard,King,Breakfast,1,2026-09-24,2026-09-28,4,3889.36,3305.96,583.4,466.72,True,577,2026-08-01T12:00:00,2026-08-02T00:00:00,
ORD2026090010,c_5012,BD_A,1001001,Marina Bay Sands,Singapore,Singapore,5,Global Chain,Deluxe Room,Standard,King,Breakfast,1,2026-09-25,2026-09-29,4,4640.11,3944.09,696.02,556.81,True,211,2026-08-01T04:00:00,2026-08-02T00:00:00,
ORD2026090011,c_5013,BD_A,1001002,The Fullerton Hotel Singapore,Singapore,Singapore,5,Global Chain,Deluxe Room,Standard,King,Breakfast,1,2026-09-23,2026-09-26,3,2201.43,1871.22,330.21,264.17,True,550,2026-08-01T06:00:00,2026-08-02T00:00:00,
ORD2026090012,c_5015,BD_A,1001003,Pan Pacific Singapore,Singapore,Singapore,5,Global Chain,Deluxe Room,Standard,King,Breakfast,1,2026-09-20,2026-09-22,2,1357.36,1153.76,203.6,162.88,False,477,2026-08-01T19:00:00,2026-08-02T00:00:00,
ORD2026090013,c_5018,BD_A,1001003,Pan Pacific Singapore,Singapore,Singapore,5,Global Chain,Deluxe Room,Standard,King,Breakfast,1,2026-09-19,2026-09-21,2,2832.53,2407.65,424.88,339.9,False,682,2026-08-01T02:00:00,2026-08-02T00:00:00,
ORD2026090014,c_5020,BD_A,1001002,The Fullerton Hotel Singapore,Singapore,Singapore,5,Global Chain,Deluxe Room,Standard,King,Breakfast,1,2026-09-16,2026-09-19,3,572.65,486.75,85.9,68.72,False,433,2026-08-01T06:00:00,2026-08-02T00:00:00,
ORD2026090015,c_5021,BD_A,1001002,The Fullerton Hotel Singapore,Singapore,Singapore,5,Global Chain,Deluxe Room,Standard,King,Breakfast,1,2026-09-21,2026-09-25,4,3547.74,3015.58,532.16,425.73,False,441,2026-08-01T08:00:00,2026-08-02T00:00:00,
ORD2026090016,c_5024,BD_A,1001004,Swissotel The Stamford,Singapore,Singapore,5,Global Chain,Deluxe Room,Standard,King,Breakfast,1,2026-09-15,2026-09-19,4,1579.63,1342.69,236.94,189.56,False,714,2026-08-01T13:00:00,2026-08-02T00:00:00,CAMP_F1_SG_2026
ORD2026090017,c_5025,BD_A,1001005,Parkroyal Collection Marina Bay,Singapore,Singapore,4,Global Chain,Deluxe Room,Standard,King,Breakfast,1,2026-09-21,2026-09-25,4,4778.49,4061.72,716.77,573.42,False,191,2026-08-01T19:00:00,2026-08-02T00:00:00,CAMP_F1_SG_2026
ORD2026090018,c_5027,BD_A,1001004,Swissotel The Stamford,Singapore,Singapore,5,Global Chain,Deluxe Room,Standard,King,Breakfast,1,2026-09-19,2026-09-23,4,4902.26,4166.92,735.34,588.27,True,294,2026-08-01T14:00:00,2026-08-02T00:00:00,
ORD2026090019,c_5029,BD_A,1001003,Pan Pacific Singapore,Singapore,Singapore,5,Global Chain,Deluxe Room,Standard,King,Breakfast,1,2026-09-23,2026-09-27,4,890.02,756.52,133.5,106.8,False,298,2026-08-01T04:00:00,2026-08-02T00:00:00,
ORD2026090020,c_5030,BD_A,1001001,Marina Bay Sands,Singapore,Singapore,5,Global Chain,Deluxe Room,Standard,King,Breakfast,1,2026-09-23,2026-09-26,3,3879.18,3297.3,581.88,465.5,False,620,2026-08-01T03:00:00,2026-08-02T00:00:00,
ORD2026090021,c_5031,BD_A,1001005,Parkroyal Collection Marina Bay,Singapore,Singapore,4,Global Chain,Deluxe Room,Standard,King,Breakfast,1,2026-09-16,2026-09-19,3,4945.06,4203.3,741.76,593.41,False,690,2026-08-01T06:00:00,2026-08-02T00:00:00,CAMP_F1_SG_2026
ORD2026090022,c_5032,BD_A,1001003,Pan Pacific Singapore,Singapore,Singapore,5,Global Chain,Deluxe Room,Standard,King,Breakfast,1,2026-09-23,2026-09-26,3,1599.21,1359.33,239.88,191.91,True,701,2026-08-01T15:00:00,2026-08-02T00:00:00,CAMP_F1_SG_2026
ORD2026090023,c_5033,BD_A,1001001,Marina Bay Sands,Singapore,Singapore,5,Global Chain,Deluxe Room,Standard,King,Breakfast,1,2026-09-23,2026-09-27,4,1269.15,1078.78,190.37,152.3,False,299,2026-08-01T05:00:00,2026-08-02T00:00:00,
ORD2026090024,c_5034,BD_A,1001001,Marina Bay Sands,Singapore,Singapore,5,Global Chain,Deluxe Room,Standard,King,Breakfast,1,2026-09-19,2026-09-21,2,3540.21,3009.18,531.03,424.83,True,424,2026-08-01T08:00:00,2026-08-02T00:00:00,
ORD2026090025,c_5036,BD_A,1001001,Marina Bay Sands,Singapore,Singapore,5,Global Chain,Deluxe Room,Standard,King,Breakfast,1,2026-09-15,2026-09-17,2,3507.44,2981.32,526.12,420.89,False,660,2026-08-01T09:00:00,2026-08-02T00:00:00,CAMP_F1_SG_2026
ORD2026090026,c_5038,BD_A,1001003,Pan Pacific Singapore,Singapore,Singapore,5,Global Chain,Deluxe Room,Standard,King,Breakfast,1,2026-09-23,2026-09-27,4,1046.82,889.8,157.02,125.62,False,280,2026-08-01T03:00:00,2026-08-02T00:00:00,
ORD2026090027,c_5040,BD_A,1001003,Pan Pacific Singapore,Singapore,Singapore,5,Global Chain,Deluxe Room,Standard,King,Breakfast,1,2026-09-19,2026-09-22,3,2301.86,1956.58,345.28,276.22,True,555,2026-08-01T22:00:00,2026-08-02T00:00:00,
ORD2026090028,c_5041,BD_A,1001005,Parkroyal Collection Marina Bay,Singapore,Singapore,4,Global Chain,Deluxe Room,Standard,King,Breakfast,1,2026-09-20,2026-09-24,4,4399.23,3739.35,659.88,527.91,True,303,2026-08-01T13:00:00,2026-08-02T00:00:00,CAMP_F1_SG_2026
ORD2026090029,c_5043,BD_A,1001001,Marina Bay Sands,Singapore,Singapore,5,Global Chain,Deluxe Room,Standard,King,Breakfast,1,2026-09-23,2026-09-25,2,2558.53,2174.75,383.78,307.02,False,197,2026-08-01T13:00:00,2026-08-02T00:00:00,CAMP_F1_SG_2026
ORD2026090030,c_5047,BD_A,1001001,Marina Bay Sands,Singapore,Singapore,5,Global Chain,Deluxe Room,Standard,King,Breakfast,1,2026-09-25,2026-09-29,4,2455.63,2087.29,368.34,294.68,False,76,2026-08-01T06:00:00,2026-08-02T00:00:00,
ORD2026090031,c_5049,BD_A,1001002,The Fullerton Hotel Singapore,Singapore,Singapore,5,Global Chain,Deluxe Room,Standard,King,Breakfast,1,2026-09-15,2026-09-19,4,3335.12,2834.85,500.27,400.21,False,455,2026-08-01T16:00:00,2026-08-02T00:00:00,
ORD2026090032,c_5052,BD_A,1001001,Marina Bay Sands,Singapore,Singapore,5,Global Chain,Deluxe Room,Standard,King,Breakfast,1,2026-09-25,2026-09-28,3,568.67,483.37,85.3,68.24,True,674,2026-08-01T02:00:00,2026-08-02T00:00:00,
ORD2026090033,c_5053,BD_A,1001004,Swissotel The Stamford,Singapore,Singapore,5,Global Chain,Deluxe Room,Standard,King,Breakfast,1,2026-09-20,2026-09-23,3,851.14,723.47,127.67,102.14,True,26,2026-08-01T18:00:00,2026-08-02T00:00:00,
ORD2026090034,c_5054,BD_A,1001004,Swissotel The Stamford,Singapore,Singapore,5,Global Chain,Deluxe Room,Standard,King,Breakfast,1,2026-09-17,2026-09-19,2,1720.63,1462.54,258.09,206.48,True,128,2026-08-01T00:00:00,2026-08-02T00:00:00,CAMP_F1_SG_2026
ORD2026090035,c_5055,BD_A,1001001,Marina Bay Sands,Singapore,Singapore,5,Global Chain,Deluxe Room,Standard,King,Breakfast,1,2026-09-25,2026-09-27,2,4704.49,3998.82,705.67,564.54,False,169,2026-08-01T07:00:00,2026-08-02T00:00:00,
ORD2026090036,c_5056,BD_A,1001001,Marina Bay Sands,Singapore,Singapore,5,Global Chain,Deluxe Room,Standard,King,Breakfast,1,2026-09-24,2026-09-28,4,3605.92,3065.03,540.89,432.71,True,492,2026-08-01T15:00:00,2026-08-02T00:00:00,
ORD2026090037,c_5057,BD_A,1001005,Parkroyal Collection Marina Bay,Singapore,Singapore,4,Global Chain,Deluxe Room,Standard,King,Breakfast,1,2026-09-22,2026-09-24,2,638.43,542.67,95.76,76.61,False,537,2026-08-01T03:00:00,2026-08-02T00:00:00,CAMP_F1_SG_2026
ORD2026090038,c_5059,BD_A,1001002,The Fullerton Hotel Singapore,Singapore,Singapore,5,Global Chain,Deluxe Room,Standard,King,Breakfast,1,2026-09-24,2026-09-26,2,1042.96,886.52,156.44,125.16,False,284,2026-08-01T07:00:00,2026-08-02T00:00:00,
ORD2026090039,c_5060,BD_A,1001004,Swissotel The Stamford,Singapore,Singapore,5,Global Chain,Deluxe Room,Standard,King,Breakfast,1,2026-09-25,2026-09-28,3,2735.64,2325.29,410.35,328.28,False,256,2026-08-01T00:00:00,2026-08-02T00:00:00,
ORD2026090040,c_5061,BD_A,1001004,Swissotel The Stamford,Singapore,Singapore,5,Global Chain,Deluxe Room,Standard,King,Breakfast,1,2026-09-16,2026-09-20,4,3450.44,2932.87,517.57,414.05,True,414,2026-08-01T00:00:00,2026-08-02T00:00:00,CAMP_F1_SG_2026
ORD2026090041,c_5064,BD_A,1001001,Marina Bay Sands,Singapore,Singapore,5,Global Chain,Deluxe Room,Standard,King,Breakfast,1,2026-09-20,2026-09-22,2,3199.69,2719.74,479.95,383.96,False,397,2026-08-01T18:00:00,2026-08-02T00:00:00,
ORD2026090042,c_5065,BD_A,1001002,The Fullerton Hotel Singapore,Singapore,Singapore,5,Global Chain,Deluxe Room,Standard,King,Breakfast,1,2026-09-25,2026-09-27,2,1492.24,1268.4,223.84,179.07,True,239,2026-08-01T06:00:00,2026-08-02T00:00:00,
ORD2026090043,c_5067,BD_A,1001005,Parkroyal Collection Marina Bay,Singapore,Singapore,4,Global Chain,Deluxe Room,Standard,King,Breakfast,1,2026-09-18,2026-09-20,2,787.74,669.58,118.16,94.53,True,606,2026-08-01T02:00:00,2026-08-02T00:00:00,
ORD2026090044,c_5068,BD_A,1001004,Swissotel The Stamford,Singapore,Singapore,5,Global Chain,Deluxe Room,Standard,King,Breakfast,1,2026-09-19,2026-09-23,4,1064.39,904.73,159.66,127.73,True,651,2026-08-01T01:00:00,2026-08-02T00:00:00,
ORD2026090045,c_5071,BD_A,1001001,Marina Bay Sands,Singapore,Singapore,5,Global Chain,Deluxe Room,Standard,King,Breakfast,1,2026-09-24,2026-09-26,2,2508.02,2131.82,376.2,300.96,True,274,2026-08-01T01:00:00,2026-08-02T00:00:00,CAMP_F1_SG_2026
ORD2026090046,c_5072,BD_A,1001005,Parkroyal Collection Marina Bay,Singapore,Singapore,4,Global Chain,Deluxe Room,Standard,King,Breakfast,1,2026-09-23,2026-09-26,3,1863.99,1584.39,279.6,223.68,False,594,2026-08-01T22:00:00,2026-08-02T00:00:00,
ORD2026090047,c_5073,BD_A,1001001,Marina Bay Sands,Singapore,Singapore,5,Global Chain,Deluxe Room,Standard,King,Breakfast,1,2026-09-24,2026-09-26,2,2598.45,2208.68,389.77,311.81,False,581,2026-08-01T20:00:00,2026-08-02T00:00:00,
ORD2026090048,c_5076,BD_A,1001004,Swissotel The Stamford,Singapore,Singapore,5,Global Chain,Deluxe Room,Standard,King,Breakfast,1,2026-09-16,2026-09-20,4,1078.9,917.07,161.84,129.47,False,172,2026-08-01T16:00:00,2026-08-02T00:00:00,
ORD2026090049,c_5077,BD_A,1001004,Swissotel The Stamford,Singapore,Singapore,5,Global Chain,Deluxe Room,Standard,King,Breakfast,1,2026-09-21,2026-09-23,2,2706.79,2300.77,406.02,324.81,False,577,2026-08-01T20:00:00,2026-08-02T00:00:00,CAMP_F1_SG_2026
ORD2026090050,c_5078,BD_A,1001002,The Fullerton Hotel Singapore,Singapore,Singapore,5,Global Chain,Deluxe Room,Standard,King,Breakfast,1,2026-09-25,2026-09-28,3,3185.42,2707.61,477.81,382.25,True,91,2026-08-01T17:00:00,2026-08-02T00:00:00,
ORD2026090051,c_5079,BD_A,1001004,Swissotel The Stamford,Singapore,Singapore,5,Global Chain,Deluxe Room,Standard,King,Breakfast,1,2026-09-19,2026-09-23,4,4163.04,3538.58,624.46,499.56,False,314,2026-08-01T20:00:00,2026-08-02T00:00:00,CAMP_F1_SG_2026
ORD2026090052,c_5080,BD_A,1001002,The Fullerton Hotel Singapore,Singapore,Singapore,5,Global Chain,Deluxe Room,Standard,King,Breakfast,1,2026-09-16,2026-09-18,2,1037.46,881.84,155.62,124.5,False,374,2026-08-01T07:00:00,2026-08-02T00:00:00,CAMP_F1_SG_2026
ORD2026090053,c_5081,BD_A,1001004,Swissotel The Stamford,Singapore,Singapore,5,Global Chain,Deluxe Room,Standard,King,Breakfast,1,2026-09-17,2026-09-21,4,4126.86,3507.83,619.03,495.22,True,101,2026-08-01T21:00:00,2026-08-02T00:00:00,CAMP_F1_SG_2026
ORD2026090054,c_5083,BD_A,1001002,The Fullerton Hotel Singapore,Singapore,Singapore,5,Global Chain,Deluxe Room,Standard,King,Breakfast,1,2026-09-23,2026-09-25,2,3061.79,2602.52,459.27,367.41,False,363,2026-08-01T02:00:00,2026-08-02T00:00:00,CAMP_F1_SG_2026
ORD2026090055,c_5084,BD_A,1001001,Marina Bay Sands,Singapore,Singapore,5,Global Chain,Deluxe Room,Standard,King,Breakfast,1,2026-09-19,2026-09-21,2,1048.1,890.88,157.21,125.77,False,457,2026-08-01T04:00:00,2026-08-02T00:00:00,CAMP_F1_SG_2026
ORD2026090056,c_5085,BD_A,1001003,Pan Pacific Singapore,Singapore,Singapore,5,Global Chain,Deluxe Room,Standard,King,Breakfast,1,2026-09-19,2026-09-22,3,3891.74,3307.98,583.76,467.01,False,455,2026-08-01T02:00:00,2026-08-02T00:00:00,
ORD2026090057,c_5087,BD_A,1001003,Pan Pacific Singapore,Singapore,Singapore,5,Global Chain,Deluxe Room,Standard,King,Breakfast,1,2026-09-22,2026-09-25,3,4644.91,3948.17,696.74,557.39,True,313,2026-08-01T20:00:00,2026-08-02T00:00:00,CAMP_F1_SG_2026
ORD2026090058,c_5088,BD_A,1001003,Pan Pacific Singapore,Singapore,Singapore,5,Global Chain,Deluxe Room,Standard,King,Breakfast,1,2026-09-17,2026-09-21,4,959.37,815.46,143.91,115.12,False,707,2026-08-01T19:00:00,2026-08-02T00:00:00,CAMP_F1_SG_2026
ORD2026090059,c_5089,BD_A,1001004,Swissotel The Stamford,Singapore,Singapore,5,Global Chain,Deluxe Room,Standard,King,Breakfast,1,2026-09-19,2026-09-23,4,2678.48,2276.71,401.77,321.42,False,59,2026-08-01T22:00:00,2026-08-02T00:00:00,CAMP_F1_SG_2026
ORD2026090060,c_5090,BD_A,1001002,The Fullerton Hotel Singapore,Singapore,Singapore,5,Global Chain,Deluxe Room,Standard,King,Breakfast,1,2026-09-24,2026-09-27,3,1184.79,1007.07,177.72,142.17,False,33,2026-08-01T07:00:00,2026-08-02T00:00:00,
ORD2026090061,c_5091,BD_A,1001003,Pan Pacific Singapore,Singapore,Singapore,5,Global Chain,Deluxe Room,Standard,King,Breakfast,1,2026-09-19,2026-09-22,3,2200.86,1870.73,330.13,264.1,True,521,2026-08-01T10:00:00,2026-08-02T00:00:00,
ORD2026090062,c_5092,BD_A,1001004,Swissotel The Stamford,Singapore,Singapore,5,Global Chain,Deluxe Room,Standard,King,Breakfast,1,2026-09-16,2026-09-20,4,4076.54,3465.06,611.48,489.18,True,186,2026-08-01T19:00:00,2026-08-02T00:00:00,CAMP_F1_SG_2026
ORD2026090063,c_5093,BD_A,1001001,Marina Bay Sands,Singapore,Singapore,5,Global Chain,Deluxe Room,Standard,King,Breakfast,1,2026-09-20,2026-09-23,3,1774.99,1508.74,266.25,213.0,False,555,2026-08-01T04:00:00,2026-08-02T00:00:00,CAMP_F1_SG_2026
ORD2026090064,c_5094,BD_A,1001001,Marina Bay Sands,Singapore,Singapore,5,Global Chain,Deluxe Room,Standard,King,Breakfast,1,2026-09-23,2026-09-25,2,3174.66,2698.46,476.2,380.96,True,707,2026-08-01T16:00:00,2026-08-02T00:00:00,CAMP_F1_SG_2026
ORD2026090065,c_5095,BD_A,1001003,Pan Pacific Singapore,Singapore,Singapore,5,Global Chain,Deluxe Room,Standard,King,Breakfast,1,2026-09-18,2026-09-21,3,4163.27,3538.78,624.49,499.59,True,276,2026-08-01T16:00:00,2026-08-02T00:00:00,
ORD2026090066,c_5096,BD_A,1001003,Pan Pacific Singapore,Singapore,Singapore,5,Global Chain,Deluxe Room,Standard,King,Breakfast,1,2026-09-17,2026-09-21,4,1719.41,1461.5,257.91,206.33,True,404,2026-08-01T02:00:00,2026-08-02T00:00:00,CAMP_F1_SG_2026
ORD2026090067,c_5097,BD_A,1001004,Swissotel The Stamford,Singapore,Singapore,5,Global Chain,Deluxe Room,Standard,King,Breakfast,1,2026-09-15,2026-09-18,3,958.28,814.54,143.74,114.99,True,470,2026-08-01T14:00:00,2026-08-02T00:00:00,
ORD2026090068,c_5098,BD_A,1001001,Marina Bay Sands,Singapore,Singapore,5,Global Chain,Deluxe Room,Standard,King,Breakfast,1,2026-09-21,2026-09-23,2,4804.08,4083.47,720.61,576.49,False,353,2026-08-01T02:00:00,2026-08-02T00:00:00,CAMP_F1_SG_2026
ORD2026090069,c_5099,BD_A,1001002,The Fullerton Hotel Singapore,Singapore,Singapore,5,Global Chain,Deluxe Room,Standard,King,Breakfast,1,2026-09-19,2026-09-22,3,4737.72,4027.06,710.66,568.53,False,221,2026-08-01T03:00:00,2026-08-02T00:00:00,CAMP_F1_SG_2026
ORD2026090070,c_5102,BD_A,1001003,Pan Pacific Singapore,Singapore,Singapore,5,Global Chain,Deluxe Room,Standard,King,Breakfast,1,2026-09-16,2026-09-19,3,4101.14,3485.97,615.17,492.14,False,515,2026-08-01T22:00:00,2026-08-02T00:00:00,
ORD2026090071,c_5104,BD_A,1001004,Swissotel The Stamford,Singapore,Singapore,5,Global Chain,Deluxe Room,Standard,King,Breakfast,1,2026-09-24,2026-09-26,2,2326.36,1977.41,348.95,279.16,True,690,2026-08-01T10:00:00,2026-08-02T00:00:00,
ORD2026090072,c_5105,BD_A,1001001,Marina Bay Sands,Singapore,Singapore,5,Global Chain,Deluxe Room,Standard,King,Breakfast,1,2026-09-20,2026-09-23,3,4685.17,3982.39,702.78,562.22,True,549,2026-08-01T01:00:00,2026-08-02T00:00:00,CAMP_F1_SG_2026
ORD2026090073,c_5106,BD_A,1001004,Swissotel The Stamford,Singapore,Singapore,5,Global Chain,Deluxe Room,Standard,King,Breakfast,1,2026-09-24,2026-09-28,4,3304.89,2809.16,495.73,396.59,False,245,2026-08-01T21:00:00,2026-08-02T00:00:00,
ORD2026090074,c_5107,BD_A,1001005,Parkroyal Collection Marina Bay,Singapore,Singapore,4,Global Chain,Deluxe Room,Standard,King,Breakfast,1,2026-09-19,2026-09-21,2,3905.61,3319.77,585.84,468.67,False,83,2026-08-01T16:00:00,2026-08-02T00:00:00,
ORD2026090075,c_5108,BD_A,1001005,Parkroyal Collection Marina Bay,Singapore,Singapore,4,Global Chain,Deluxe Room,Standard,King,Breakfast,1,2026-09-25,2026-09-28,3,1553.13,1320.16,232.97,186.38,True,272,2026-08-01T00:00:00,2026-08-02T00:00:00,
ORD2026090076,c_5109,BD_A,1001005,Parkroyal Collection Marina Bay,Singapore,Singapore,4,Global Chain,Deluxe Room,Standard,King,Breakfast,1,2026-09-16,2026-09-18,2,1387.21,1179.13,208.08,166.47,False,704,2026-08-01T08:00:00,2026-08-02T00:00:00,CAMP_F1_SG_2026
ORD2026090077,c_5110,BD_A,1001005,Parkroyal Collection Marina Bay,Singapore,Singapore,4,Global Chain,Deluxe Room,Standard,King,Breakfast,1,2026-09-20,2026-09-23,3,4769.49,4054.07,715.42,572.34,False,334,2026-08-01T10:00:00,2026-08-02T00:00:00,CAMP_F1_SG_2026
ORD2026090078,c_5112,BD_A,1001002,The Fullerton Hotel Singapore,Singapore,Singapore,5,Global Chain,Deluxe Room,Standard,King,Breakfast,1,2026-09-21,2026-09-24,3,2773.67,2357.62,416.05,332.84,True,375,2026-08-01T15:00:00,2026-08-02T00:00:00,
ORD2026090079,c_5113,BD_A,1001002,The Fullerton Hotel Singapore,Singapore,Singapore,5,Global Chain,Deluxe Room,Standard,King,Breakfast,1,2026-09-19,2026-09-23,4,1398.21,1188.48,209.73,167.79,False,379,2026-08-01T12:00:00,2026-08-02T00:00:00,
ORD2026090080,c_5114,BD_A,1001002,The Fullerton Hotel Singapore,Singapore,Singapore,5,Global Chain,Deluxe Room,Standard,King,Breakfast,1,2026-09-24,2026-09-28,4,3213.95,2731.86,482.09,385.67,True,423,2026-08-01T12:00:00,2026-08-02T00:00:00,CAMP_F1_SG_2026
ORD2026090081,c_5116,BD_A,1001004,Swissotel The Stamford,Singapore,Singapore,5,Global Chain,Deluxe Room,Standard,King,Breakfast,1,2026-09-20,2026-09-23,3,1461.23,1242.05,219.18,175.35,True,373,2026-08-01T23:00:00,2026-08-02T00:00:00,
ORD2026090082,c_5117,BD_A,1001002,The Fullerton Hotel Singapore,Singapore,Singapore,5,Global Chain,Deluxe Room,Standard,King,Breakfast,1,2026-09-20,2026-09-22,2,3936.66,3346.16,590.5,472.4,False,144,2026-08-01T22:00:00,2026-08-02T00:00:00,CAMP_F1_SG_2026
ORD2026090083,c_5119,BD_A,1001002,The Fullerton Hotel Singapore,Singapore,Singapore,5,Global Chain,Deluxe Room,Standard,King,Breakfast,1,2026-09-15,2026-09-17,2,1035.81,880.44,155.37,124.3,False,108,2026-08-01T13:00:00,2026-08-02T00:00:00,CAMP_F1_SG_2026
ORD2026090084,c_5121,BD_A,1001001,Marina Bay Sands,Singapore,Singapore,5,Global Chain,Deluxe Room,Standard,King,Breakfast,1,2026-09-16,2026-09-20,4,2881.21,2449.03,432.18,345.75,True,669,2026-08-01T01:00:00,2026-08-02T00:00:00,CAMP_F1_SG_2026
ORD2026090085,c_5122,BD_A,1001005,Parkroyal Collection Marina Bay,Singapore,Singapore,4,Global Chain,Deluxe Room,Standard,King,Breakfast,1,2026-09-25,2026-09-28,3,3893.76,3309.7,584.06,467.25,False,525,2026-08-01T08:00:00,2026-08-02T00:00:00,
ORD2026090086,c_5123,BD_A,1001001,Marina Bay Sands,Singapore,Singapore,5,Global Chain,Deluxe Room,Standard,King,Breakfast,1,2026-09-15,2026-09-18,3,3398.13,2888.41,509.72,407.78,True,660,2026-08-01T10:00:00,2026-08-02T00:00:00,CAMP_F1_SG_2026
ORD2026090087,c_5124,BD_A,1001002,The Fullerton Hotel Singapore,Singapore,Singapore,5,Global Chain,Deluxe Room,Standard,King,Breakfast,1,2026-09-18,2026-09-22,4,3575.56,3039.23,536.33,429.07,True,92,2026-08-01T09:00:00,2026-08-02T00:00:00,CAMP_F1_SG_2026
ORD2026090088,c_5126,BD_A,1001004,Swissotel The Stamford,Singapore,Singapore,5,Global Chain,Deluxe Room,Standard,King,Breakfast,1,2026-09-20,2026-09-22,2,4184.03,3556.43,627.6,502.08,False,504,2026-08-01T01:00:00,2026-08-02T00:00:00,CAMP_F1_SG_2026
ORD2026090089,c_5127,BD_A,1001003,Pan Pacific Singapore,Singapore,Singapore,5,Global Chain,Deluxe Room,Standard,King,Breakfast,1,2026-09-22,2026-09-26,4,3381.33,2874.13,507.2,405.76,True,76,2026-08-01T11:00:00,2026-08-02T00:00:00,CAMP_F1_SG_2026
ORD2026090090,c_5128,BD_A,1001003,Pan Pacific Singapore,Singapore,Singapore,5,Global Chain,Deluxe Room,Standard,King,Breakfast,1,2026-09-16,2026-09-18,2,3209.21,2727.83,481.38,385.11,False,154,2026-08-01T17:00:00,2026-08-02T00:00:00,CAMP_F1_SG_2026
ORD2026090091,c_5130,BD_A,1001001,Marina Bay Sands,Singapore,Singapore,5,Global Chain,Deluxe Room,Standard,King,Breakfast,1,2026-09-20,2026-09-24,4,1407.17,1196.09,211.08,168.86,True,80,2026-08-01T03:00:00,2026-08-02T00:00:00,
ORD2026090092,c_5132,BD_A,1001002,The Fullerton Hotel Singapore,Singapore,Singapore,5,Global Chain,Deluxe Room,Standard,King,Breakfast,1,2026-09-25,2026-09-27,2,2800.93,2380.79,420.14,336.11,True,117,2026-08-01T00:00:00,2026-08-02T00:00:00,CAMP_F1_SG_2026
ORD2026090093,c_5134,BD_A,1001005,Parkroyal Collection Marina Bay,Singapore,Singapore,4,Global Chain,Deluxe Room,Standard,King,Breakfast,1,2026-09-17,2026-09-20,3,4797.59,4077.95,719.64,575.71,True,265,2026-08-01T12:00:00,2026-08-02T00:00:00,
ORD2026090094,c_5135,BD_A,1001003,Pan Pacific Singapore,Singapore,Singapore,5,Global Chain,Deluxe Room,Standard,King,Breakfast,1,2026-09-23,2026-09-27,4,562.53,478.15,84.38,67.5,False,363,2026-08-01T08:00:00,2026-08-02T00:00:00,CAMP_F1_SG_2026
ORD2026090095,c_5136,BD_A,1001002,The Fullerton Hotel Singapore,Singapore,Singapore,5,Global Chain,Deluxe Room,Standard,King,Breakfast,1,2026-09-17,2026-09-20,3,1738.73,1477.92,260.81,208.65,True,289,2026-08-01T14:00:00,2026-08-02T00:00:00,CAMP_F1_SG_2026
ORD2026090096,c_5137,BD_A,1001005,Parkroyal Collection Marina Bay,Singapore,Singapore,4,Global Chain,Deluxe Room,Standard,King,Breakfast,1,2026-09-25,2026-09-27,2,3398.93,2889.09,509.84,407.87,False,517,2026-08-01T13:00:00,2026-08-02T00:00:00,CAMP_F1_SG_2026
ORD2026090097,c_5138,BD_A,1001004,Swissotel The Stamford,Singapore,Singapore,5,Global Chain,Deluxe Room,Standard,King,Breakfast,1,2026-09-19,2026-09-22,3,1684.55,1431.87,252.68,202.15,False,459,2026-08-01T12:00:00,2026-08-02T00:00:00,CAMP_F1_SG_2026
ORD2026090098,c_5139,BD_A,1001002,The Fullerton Hotel Singapore,Singapore,Singapore,5,Global Chain,Deluxe Room,Standard,King,Breakfast,1,2026-09-23,2026-09-25,2,3576.59,3040.1,536.49,429.19,False,609,2026-08-01T21:00:00,2026-08-02T00:00:00,CAMP_F1_SG_2026
ORD2026090099,c_5140,BD_A,1001003,Pan Pacific Singapore,Singapore,Singapore,5,Global Chain,Deluxe Room,Standard,King,Breakfast,1,2026-09-23,2026-09-27,4,2780.09,2363.08,417.01,333.61,True,509,2026-08-01T19:00:00,2026-08-02T00:00:00,
ORD2026090100,c_5142,BD_A,1001003,Pan Pacific Singapore,Singapore,Singapore,5,Global Chain,Deluxe Room,Standard,King,Breakfast,1,2026-09-20,2026-09-22,2,4373.74,3717.68,656.06,524.85,False,329,2026-08-01T18:00:00,2026-08-02T00:00:00,CAMP_F1_SG_2026
ORD2026090101,c_5143,BD_A,1001004,Swissotel The Stamford,Singapore,Singapore,5,Global Chain,Deluxe Room,Standard,King,Breakfast,1,2026-09-25,2026-09-27,2,2736.91,2326.37,410.54,328.43,False,260,2026-08-01T00:00:00,2026-08-02T00:00:00,CAMP_F1_SG_2026
ORD2026090102,c_5145,BD_A,1001002,The Fullerton Hotel Singapore,Singapore,Singapore,5,Global Chain,Deluxe Room,Standard,King,Breakfast,1,2026-09-20,2026-09-24,4,2183.41,1855.9,327.51,262.01,False,314,2026-08-01T06:00:00,2026-08-02T00:00:00,
ORD2026090103,c_5146,BD_A,1001004,Swissotel The Stamford,Singapore,Singapore,5,Global Chain,Deluxe Room,Standard,King,Breakfast,1,2026-09-18,2026-09-22,4,4818.75,4095.94,722.81,578.25,False,252,2026-08-01T10:00:00,2026-08-02T00:00:00,
ORD2026090104,c_5151,BD_A,1001001,Marina Bay Sands,Singapore,Singapore,5,Global Chain,Deluxe Room,Standard,King,Breakfast,1,2026-09-22,2026-09-25,3,871.28,740.59,130.69,104.55,True,578,2026-08-01T11:00:00,2026-08-02T00:00:00,CAMP_F1_SG_2026
ORD2026090105,c_5152,BD_A,1001005,Parkroyal Collection Marina Bay,Singapore,Singapore,4,Global Chain,Deluxe Room,Standard,King,Breakfast,1,2026-09-18,2026-09-21,3,4069.25,3458.86,610.39,488.31,True,677,2026-08-01T06:00:00,2026-08-02T00:00:00,CAMP_F1_SG_2026
ORD2026090106,c_5153,BD_A,1001002,The Fullerton Hotel Singapore,Singapore,Singapore,5,Global Chain,Deluxe Room,Standard,King,Breakfast,1,2026-09-18,2026-09-20,2,2602.15,2211.83,390.32,312.26,False,657,2026-08-01T16:00:00,2026-08-02T00:00:00,
ORD2026090107,c_5155,BD_A,1001005,Parkroyal Collection Marina Bay,Singapore,Singapore,4,Global Chain,Deluxe Room,Standard,King,Breakfast,1,2026-09-18,2026-09-20,2,2920.51,2482.43,438.08,350.46,False,98,2026-08-01T11:00:00,2026-08-02T00:00:00,CAMP_F1_SG_2026
ORD2026090108,c_5156,BD_A,1001003,Pan Pacific Singapore,Singapore,Singapore,5,Global Chain,Deluxe Room,Standard,King,Breakfast,1,2026-09-19,2026-09-23,4,4960.03,4216.03,744.0,595.2,True,59,2026-08-01T05:00:00,2026-08-02T00:00:00,
ORD2026090109,c_5157,BD_A,1001002,The Fullerton Hotel Singapore,Singapore,Singapore,5,Global Chain,Deluxe Room,Standard,King,Breakfast,1,2026-09-17,2026-09-20,3,3433.24,2918.25,514.99,411.99,True,270,2026-08-01T00:00:00,2026-08-02T00:00:00,CAMP_F1_SG_2026
ORD2026090110,c_5158,BD_A,1001005,Parkroyal Collection Marina Bay,Singapore,Singapore,4,Global Chain,Deluxe Room,Standard,King,Breakfast,1,2026-09-21,2026-09-25,4,1476.03,1254.63,221.4,177.12,True,271,2026-08-01T04:00:00,2026-08-02T00:00:00,
ORD2026090111,c_5159,BD_A,1001002,The Fullerton Hotel Singapore,Singapore,Singapore,5,Global Chain,Deluxe Room,Standard,King,Breakfast,1,2026-09-21,2026-09-24,3,2848.18,2420.95,427.23,341.78,True,183,2026-08-01T09:00:00,2026-08-02T00:00:00,
ORD2026090112,c_5160,BD_A,1001002,The Fullerton Hotel Singapore,Singapore,Singapore,5,Global Chain,Deluxe Room,Standard,King,Breakfast,1,2026-09-18,2026-09-21,3,3501.87,2976.59,525.28,420.22,False,697,2026-08-01T22:00:00,2026-08-02T00:00:00,CAMP_F1_SG_2026
ORD2026090113,c_5161,BD_A,1001001,Marina Bay Sands,Singapore,Singapore,5,Global Chain,Deluxe Room,Standard,King,Breakfast,1,2026-09-24,2026-09-28,4,4858.44,4129.67,728.77,583.01,False,281,2026-08-01T23:00:00,2026-08-02T00:00:00,CAMP_F1_SG_2026
ORD2026090114,c_5162,BD_A,1001002,The Fullerton Hotel Singapore,Singapore,Singapore,5,Global Chain,Deluxe Room,Standard,King,Breakfast,1,2026-09-22,2026-09-24,2,3376.5,2870.03,506.47,405.18,False,413,2026-08-01T09:00:00,2026-08-02T00:00:00,
ORD2026090115,c_5163,BD_A,1001002,The Fullerton Hotel Singapore,Singapore,Singapore,5,Global Chain,Deluxe Room,Standard,King,Breakfast,1,2026-09-20,2026-09-22,2,4608.73,3917.42,691.31,553.05,False,672,2026-08-01T02:00:00,2026-08-02T00:00:00,
ORD2026090116,c_5165,BD_A,1001005,Parkroyal Collection Marina Bay,Singapore,Singapore,4,Global Chain,Deluxe Room,Standard,King,Breakfast,1,2026-09-22,2026-09-26,4,2058.31,1749.56,308.75,247.0,True,399,2026-08-01T02:00:00,2026-08-02T00:00:00,
ORD2026090117,c_5166,BD_A,1001003,Pan Pacific Singapore,Singapore,Singapore,5,Global Chain,Deluxe Room,Standard,King,Breakfast,1,2026-09-16,2026-09-20,4,759.69,645.74,113.95,91.16,False,76,2026-08-01T08:00:00,2026-08-02T00:00:00,
ORD2026090118,c_5167,BD_A,1001005,Parkroyal Collection Marina Bay,Singapore,Singapore,4,Global Chain,Deluxe Room,Standard,King,Breakfast,1,2026-09-25,2026-09-28,3,1326.1,1127.18,198.91,159.13,True,521,2026-08-01T22:00:00,2026-08-02T00:00:00,CAMP_F1_SG_2026
ORD2026090119,c_5168,BD_A,1001005,Parkroyal Collection Marina Bay,Singapore,Singapore,4,Global Chain,Deluxe Room,Standard,King,Breakfast,1,2026-09-22,2026-09-25,3,2273.27,1932.28,340.99,272.79,True,282,2026-08-01T22:00:00,2026-08-02T00:00:00,
ORD2026090120,c_5169,BD_A,1001003,Pan Pacific Singapore,Singapore,Singapore,5,Global Chain,Deluxe Room,Standard,King,Breakfast,1,2026-09-21,2026-09-25,4,3540.66,3009.56,531.1,424.88,True,114,2026-08-01T10:00:00,2026-08-02T00:00:00,
ORD2026090121,c_5170,BD_A,1001003,Pan Pacific Singapore,Singapore,Singapore,5,Global Chain,Deluxe Room,Standard,King,Breakfast,1,2026-09-17,2026-09-20,3,2391.2,2032.52,358.68,286.94,True,274,2026-08-01T16:00:00,2026-08-02T00:00:00,CAMP_F1_SG_2026
ORD2026090122,c_5171,BD_A,1001001,Marina Bay Sands,Singapore,Singapore,5,Global Chain,Deluxe Room,Standard,King,Breakfast,1,2026-09-16,2026-09-20,4,806.02,685.12,120.9,96.72,True,520,2026-08-01T14:00:00,2026-08-02T00:00:00,
ORD2026090123,c_5172,BD_A,1001002,The Fullerton Hotel Singapore,Singapore,Singapore,5,Global Chain,Deluxe Room,Standard,King,Breakfast,1,2026-09-25,2026-09-29,4,4483.77,3811.2,672.57,538.05,False,238,2026-08-01T21:00:00,2026-08-02T00:00:00,CAMP_F1_SG_2026
ORD2026090124,c_5173,BD_A,1001003,Pan Pacific Singapore,Singapore,Singapore,5,Global Chain,Deluxe Room,Standard,King,Breakfast,1,2026-09-16,2026-09-19,3,2230.03,1895.53,334.5,267.6,False,648,2026-08-01T22:00:00,2026-08-02T00:00:00,CAMP_F1_SG_2026
ORD2026090125,c_5175,BD_A,1001001,Marina Bay Sands,Singapore,Singapore,5,Global Chain,Deluxe Room,Standard,King,Breakfast,1,2026-09-17,2026-09-19,2,974.75,828.54,146.21,116.97,False,452,2026-08-01T14:00:00,2026-08-02T00:00:00,CAMP_F1_SG_2026
ORD2026090126,c_5177,BD_A,1001005,Parkroyal Collection Marina Bay,Singapore,Singapore,4,Global Chain,Deluxe Room,Standard,King,Breakfast,1,2026-09-16,2026-09-19,3,3094.96,2630.72,464.24,371.4,True,368,2026-08-01T07:00:00,2026-08-02T00:00:00,CAMP_F1_SG_2026
ORD2026090127,c_5178,BD_A,1001003,Pan Pacific Singapore,Singapore,Singapore,5,Global Chain,Deluxe Room,Standard,King,Breakfast,1,2026-09-17,2026-09-19,2,3784.96,3217.22,567.74,454.2,True,252,2026-08-01T08:00:00,2026-08-02T00:00:00,CAMP_F1_SG_2026
ORD2026090128,c_5179,BD_A,1001005,Parkroyal Collection Marina Bay,Singapore,Singapore,4,Global Chain,Deluxe Room,Standard,King,Breakfast,1,2026-09-25,2026-09-29,4,1365.94,1161.05,204.89,163.91,True,273,2026-08-01T05:00:00,2026-08-02T00:00:00,
ORD2026090129,c_5180,BD_A,1001003,Pan Pacific Singapore,Singapore,Singapore,5,Global Chain,Deluxe Room,Standard,King,Breakfast,1,2026-09-17,2026-09-21,4,4956.34,4212.89,743.45,594.76,False,424,2026-08-01T08:00:00,2026-08-02T00:00:00,CAMP_F1_SG_2026
ORD2026090130,c_5181,BD_A,1001005,Parkroyal Collection Marina Bay,Singapore,Singapore,4,Global Chain,Deluxe Room,Standard,King,Breakfast,1,2026-09-17,2026-09-19,2,4722.03,4013.73,708.3,566.64,True,588,2026-08-01T17:00:00,2026-08-02T00:00:00,
ORD2026090131,c_5182,BD_A,1001003,Pan Pacific Singapore,Singapore,Singapore,5,Global Chain,Deluxe Room,Standard,King,Breakfast,1,2026-09-21,2026-09-25,4,1753.3,1490.3,263.0,210.4,True,624,2026-08-01T17:00:00,2026-08-02T00:00:00,
ORD2026090132,c_5183,BD_A,1001003,Pan Pacific Singapore,Singapore,Singapore,5,Global Chain,Deluxe Room,Standard,King,Breakfast,1,2026-09-16,2026-09-19,3,4158.47,3534.7,623.77,499.02,False,56,2026-08-01T13:00:00,2026-08-02T00:00:00,CAMP_F1_SG_2026
ORD2026090133,c_5184,BD_A,1001005,Parkroyal Collection Marina Bay,Singapore,Singapore,4,Global Chain,Deluxe Room,Standard,King,Breakfast,1,2026-09-19,2026-09-23,4,633.28,538.29,94.99,75.99,False,300,2026-08-01T17:00:00,2026-08-02T00:00:00,CAMP_F1_SG_2026
ORD2026090134,c_5185,BD_A,1001001,Marina Bay Sands,Singapore,Singapore,5,Global Chain,Deluxe Room,Standard,King,Breakfast,1,2026-09-15,2026-09-18,3,4282.47,3640.1,642.37,513.9,False,644,2026-08-01T14:00:00,2026-08-02T00:00:00,
ORD2026090135,c_5186,BD_A,1001002,The Fullerton Hotel Singapore,Singapore,Singapore,5,Global Chain,Deluxe Room,Standard,King,Breakfast,1,2026-09-22,2026-09-25,3,1090.55,926.97,163.58,130.87,False,680,2026-08-01T03:00:00,2026-08-02T00:00:00,CAMP_F1_SG_2026
ORD2026090136,c_5187,BD_A,1001004,Swissotel The Stamford,Singapore,Singapore,5,Global Chain,Deluxe Room,Standard,King,Breakfast,1,2026-09-22,2026-09-26,4,668.06,567.85,100.21,80.17,True,690,2026-08-01T19:00:00,2026-08-02T00:00:00,CAMP_F1_SG_2026
ORD2026090137,c_5188,BD_A,1001003,Pan Pacific Singapore,Singapore,Singapore,5,Global Chain,Deluxe Room,Standard,King,Breakfast,1,2026-09-21,2026-09-24,3,4666.84,3966.81,700.03,560.02,True,68,2026-08-01T07:00:00,2026-08-02T00:00:00,
ORD2026090138,c_5190,BD_A,1001005,Parkroyal Collection Marina Bay,Singapore,Singapore,4,Global Chain,Deluxe Room,Standard,King,Breakfast,1,2026-09-25,2026-09-29,4,4792.3,4073.45,718.85,575.08,True,130,2026-08-01T06:00:00,2026-08-02T00:00:00,
ORD2026090139,c_5191,BD_A,1001001,Marina Bay Sands,Singapore,Singapore,5,Global Chain,Deluxe Room,Standard,King,Breakfast,1,2026-09-18,2026-09-21,3,1409.95,1198.46,211.49,169.19,False,179,2026-08-01T01:00:00,2026-08-02T00:00:00,CAMP_F1_SG_2026
ORD2026090140,c_5192,BD_A,1001005,Parkroyal Collection Marina Bay,Singapore,Singapore,4,Global Chain,Deluxe Room,Standard,King,Breakfast,1,2026-09-23,2026-09-25,2,2802.05,2381.74,420.31,336.25,False,47,2026-08-01T17:00:00,2026-08-02T00:00:00,
ORD2026090141,c_5193,BD_A,1001003,Pan Pacific Singapore,Singapore,Singapore,5,Global Chain,Deluxe Room,Standard,King,Breakfast,1,2026-09-22,2026-09-24,2,4472.06,3801.25,670.81,536.65,False,404,2026-08-01T19:00:00,2026-08-02T00:00:00,CAMP_F1_SG_2026
ORD2026090142,c_5194,BD_A,1001005,Parkroyal Collection Marina Bay,Singapore,Singapore,4,Global Chain,Deluxe Room,Standard,King,Breakfast,1,2026-09-17,2026-09-19,2,4960.52,4216.44,744.08,595.26,False,462,2026-08-01T08:00:00,2026-08-02T00:00:00,
ORD2026090143,c_5195,BD_A,1001005,Parkroyal Collection Marina Bay,Singapore,Singapore,4,Global Chain,Deluxe Room,Standard,King,Breakfast,1,2026-09-25,2026-09-28,3,2750.38,2337.82,412.56,330.05,True,163,2026-08-01T17:00:00,2026-08-02T00:00:00,
ORD2026090144,c_5196,BD_A,1001004,Swissotel The Stamford,Singapore,Singapore,5,Global Chain,Deluxe Room,Standard,King,Breakfast,1,2026-09-23,2026-09-27,4,2523.24,2144.75,378.49,302.79,False,192,2026-08-01T05:00:00,2026-08-02T00:00:00,CAMP_F1_SG_2026
ORD2026090145,c_5197,BD_A,1001003,Pan Pacific Singapore,Singapore,Singapore,5,Global Chain,Deluxe Room,Standard,King,Breakfast,1,2026-09-20,2026-09-24,4,4046.6,3439.61,606.99,485.59,True,86,2026-08-01T00:00:00,2026-08-02T00:00:00,
ORD2026090146,c_5198,BD_A,1001002,The Fullerton Hotel Singapore,Singapore,Singapore,5,Global Chain,Deluxe Room,Standard,King,Breakfast,1,2026-09-24,2026-09-28,4,1595.2,1355.92,239.28,191.42,False,54,2026-08-01T12:00:00,2026-08-02T00:00:00,
ORD2026090147,c_5199,BD_A,1001002,The Fullerton Hotel Singapore,Singapore,Singapore,5,Global Chain,Deluxe Room,Standard,King,Breakfast,1,2026-09-21,2026-09-23,2,2566.39,2181.43,384.96,307.97,False,482,2026-08-01T00:00:00,2026-08-02T00:00:00,CAMP_F1_SG_2026
ORD2026090148,c_5200,BD_A,1001004,Swissotel The Stamford,Singapore,Singapore,5,Global Chain,Deluxe Room,Standard,King,Breakfast,1,2026-09-21,2026-09-23,2,4981.66,4234.41,747.25,597.8,True,688,2026-08-01T21:00:00,2026-08-02T00:00:00,
ORD2026090149,c_5201,BD_A,1001002,The Fullerton Hotel Singapore,Singapore,Singapore,5,Global Chain,Deluxe Room,Standard,King,Breakfast,1,2026-09-18,2026-09-20,2,598.57,508.78,89.79,71.83,False,452,2026-08-01T17:00:00,2026-08-02T00:00:00,CAMP_F1_SG_2026
ORD2026090150,c_5202,BD_A,1001001,Marina Bay Sands,Singapore,Singapore,5,Global Chain,Deluxe Room,Standard,King,Breakfast,1,2026-09-18,2026-09-22,4,4632.61,3937.72,694.89,555.91,True,678,2026-08-01T13:00:00,2026-08-02T00:00:00,CAMP_F1_SG_2026
ORD2026090151,c_5203,BD_A,1001001,Marina Bay Sands,Singapore,Singapore,5,Global Chain,Deluxe Room,Standard,King,Breakfast,1,2026-09-21,2026-09-23,2,2171.91,1846.12,325.79,260.63,True,369,2026-08-01T06:00:00,2026-08-02T00:00:00,
ORD2026090152,c_5204,BD_A,1001005,Parkroyal Collection Marina Bay,Singapore,Singapore,4,Global Chain,Deluxe Room,Standard,King,Breakfast,1,2026-09-17,2026-09-21,4,4140.19,3519.16,621.03,496.82,False,245,2026-08-01T13:00:00,2026-08-02T00:00:00,
ORD2026090153,c_5205,BD_A,1001005,Parkroyal Collection Marina Bay,Singapore,Singapore,4,Global Chain,Deluxe Room,Standard,King,Breakfast,1,2026-09-15,2026-09-17,2,2413.71,2051.65,362.06,289.65,True,686,2026-08-01T15:00:00,2026-08-02T00:00:00,CAMP_F1_SG_2026
ORD2026090154,c_5207,BD_A,1001004,Swissotel The Stamford,Singapore,Singapore,5,Global Chain,Deluxe Room,Standard,King,Breakfast,1,2026-09-15,2026-09-18,3,4288.38,3645.12,643.26,514.61,True,199,2026-08-01T17:00:00,2026-08-02T00:00:00,CAMP_F1_SG_2026
ORD2026090155,c_5210,BD_A,1001005,Parkroyal Collection Marina Bay,Singapore,Singapore,4,Global Chain,Deluxe Room,Standard,King,Breakfast,1,2026-09-15,2026-09-19,4,1195.06,1015.8,179.26,143.41,True,339,2026-08-01T09:00:00,2026-08-02T00:00:00,CAMP_F1_SG_2026
ORD2026090156,c_5211,BD_A,1001002,The Fullerton Hotel Singapore,Singapore,Singapore,5,Global Chain,Deluxe Room,Standard,King,Breakfast,1,2026-09-16,2026-09-19,3,3933.97,3343.87,590.1,472.08,True,705,2026-08-01T22:00:00,2026-08-02T00:00:00,
ORD2026090157,c_5214,BD_A,1001003,Pan Pacific Singapore,Singapore,Singapore,5,Global Chain,Deluxe Room,Standard,King,Breakfast,1,2026-09-16,2026-09-19,3,1304.64,1108.94,195.7,156.56,False,195,2026-08-01T06:00:00,2026-08-02T00:00:00,CAMP_F1_SG_2026
ORD2026090158,c_5216,BD_A,1001004,Swissotel The Stamford,Singapore,Singapore,5,Global Chain,Deluxe Room,Standard,King,Breakfast,1,2026-09-19,2026-09-21,2,4779.9,4062.91,716.98,573.59,False,358,2026-08-01T21:00:00,2026-08-02T00:00:00,
ORD2026090159,c_5217,BD_A,1001003,Pan Pacific Singapore,Singapore,Singapore,5,Global Chain,Deluxe Room,Standard,King,Breakfast,1,2026-09-21,2026-09-25,4,1848.95,1571.61,277.34,221.87,True,133,2026-08-01T20:00:00,2026-08-02T00:00:00,CAMP_F1_SG_2026
ORD2026090160,c_5218,BD_A,1001005,Parkroyal Collection Marina Bay,Singapore,Singapore,4,Global Chain,Deluxe Room,Standard,King,Breakfast,1,2026-09-19,2026-09-23,4,3845.94,3269.05,576.89,461.51,True,133,2026-08-01T02:00:00,2026-08-02T00:00:00,
ORD2026090161,c_5219,BD_A,1001005,Parkroyal Collection Marina Bay,Singapore,Singapore,4,Global Chain,Deluxe Room,Standard,King,Breakfast,1,2026-09-24,2026-09-26,2,2530.72,2151.11,379.61,303.69,False,584,2026-08-01T22:00:00,2026-08-02T00:00:00,
ORD2026090162,c_5220,BD_A,1001002,The Fullerton Hotel Singapore,Singapore,Singapore,5,Global Chain,Deluxe Room,Standard,King,Breakfast,1,2026-09-19,2026-09-22,3,1612.85,1370.92,241.93,193.54,True,69,2026-08-01T14:00:00,2026-08-02T00:00:00,CAMP_F1_SG_2026
ORD2026090163,c_5221,BD_A,1001002,The Fullerton Hotel Singapore,Singapore,Singapore,5,Global Chain,Deluxe Room,Standard,King,Breakfast,1,2026-09-19,2026-09-22,3,3294.09,2799.98,494.11,395.29,False,498,2026-08-01T21:00:00,2026-08-02T00:00:00,
ORD2026090164,c_5222,BD_A,1001004,Swissotel The Stamford,Singapore,Singapore,5,Global Chain,Deluxe Room,Standard,King,Breakfast,1,2026-09-22,2026-09-25,3,1955.13,1661.86,293.27,234.62,True,696,2026-08-01T13:00:00,2026-08-02T00:00:00,CAMP_F1_SG_2026
ORD2026090165,c_5223,BD_A,1001003,Pan Pacific Singapore,Singapore,Singapore,5,Global Chain,Deluxe Room,Standard,King,Breakfast,1,2026-09-19,2026-09-22,3,3870.57,3289.98,580.59,464.47,False,436,2026-08-01T10:00:00,2026-08-02T00:00:00,CAMP_F1_SG_2026
ORD2026090166,c_5224,BD_A,1001004,Swissotel The Stamford,Singapore,Singapore,5,Global Chain,Deluxe Room,Standard,King,Breakfast,1,2026-09-16,2026-09-20,4,1168.36,993.11,175.25,140.2,True,633,2026-08-01T09:00:00,2026-08-02T00:00:00,
ORD2026090167,c_5226,BD_A,1001001,Marina Bay Sands,Singapore,Singapore,5,Global Chain,Deluxe Room,Standard,King,Breakfast,1,2026-09-25,2026-09-27,2,1905.23,1619.45,285.78,228.63,True,552,2026-08-01T06:00:00,2026-08-02T00:00:00,CAMP_F1_SG_2026
ORD2026090168,c_5231,BD_A,1001005,Parkroyal Collection Marina Bay,Singapore,Singapore,4,Global Chain,Deluxe Room,Standard,King,Breakfast,1,2026-09-19,2026-09-23,4,1394.99,1185.74,209.25,167.4,False,183,2026-08-01T01:00:00,2026-08-02T00:00:00,CAMP_F1_SG_2026
ORD2026090169,c_5233,BD_A,1001001,Marina Bay Sands,Singapore,Singapore,5,Global Chain,Deluxe Room,Standard,King,Breakfast,1,2026-09-17,2026-09-21,4,2570.01,2184.51,385.5,308.4,True,436,2026-08-01T10:00:00,2026-08-02T00:00:00,
ORD2026090170,c_5234,BD_A,1001004,Swissotel The Stamford,Singapore,Singapore,5,Global Chain,Deluxe Room,Standard,King,Breakfast,1,2026-09-17,2026-09-19,2,1150.36,977.81,172.55,138.04,True,350,2026-08-01T13:00:00,2026-08-02T00:00:00,CAMP_F1_SG_2026
ORD2026090171,c_5235,BD_A,1001004,Swissotel The Stamford,Singapore,Singapore,5,Global Chain,Deluxe Room,Standard,King,Breakfast,1,2026-09-25,2026-09-27,2,3347.2,2845.12,502.08,401.66,True,558,2026-08-01T01:00:00,2026-08-02T00:00:00,CAMP_F1_SG_2026
ORD2026090172,c_5237,BD_A,1001003,Pan Pacific Singapore,Singapore,Singapore,5,Global Chain,Deluxe Room,Standard,King,Breakfast,1,2026-09-16,2026-09-20,4,683.32,580.82,102.5,82.0,False,567,2026-08-01T12:00:00,2026-08-02T00:00:00,
ORD2026090173,c_5241,BD_A,1001002,The Fullerton Hotel Singapore,Singapore,Singapore,5,Global Chain,Deluxe Room,Standard,King,Breakfast,1,2026-09-17,2026-09-21,4,1001.34,851.14,150.2,120.16,False,650,2026-08-01T02:00:00,2026-08-02T00:00:00,CAMP_F1_SG_2026
ORD2026090174,c_5242,BD_A,1001002,The Fullerton Hotel Singapore,Singapore,Singapore,5,Global Chain,Deluxe Room,Standard,King,Breakfast,1,2026-09-18,2026-09-20,2,644.47,547.8,96.67,77.34,True,64,2026-08-01T18:00:00,2026-08-02T00:00:00,CAMP_F1_SG_2026
ORD2026090175,c_5244,BD_A,1001005,Parkroyal Collection Marina Bay,Singapore,Singapore,4,Global Chain,Deluxe Room,Standard,King,Breakfast,1,2026-09-22,2026-09-24,2,2808.97,2387.62,421.35,337.08,False,560,2026-08-01T20:00:00,2026-08-02T00:00:00,
ORD2026090176,c_5245,BD_A,1001002,The Fullerton Hotel Singapore,Singapore,Singapore,5,Global Chain,Deluxe Room,Standard,King,Breakfast,1,2026-09-23,2026-09-27,4,4807.56,4086.43,721.13,576.91,False,159,2026-08-01T12:00:00,2026-08-02T00:00:00,CAMP_F1_SG_2026
ORD2026090177,c_5246,BD_A,1001005,Parkroyal Collection Marina Bay,Singapore,Singapore,4,Global Chain,Deluxe Room,Standard,King,Breakfast,1,2026-09-19,2026-09-21,2,3829.02,3254.67,574.35,459.48,True,90,2026-08-01T21:00:00,2026-08-02T00:00:00,CAMP_F1_SG_2026
ORD2026090178,c_5249,BD_A,1001004,Swissotel The Stamford,Singapore,Singapore,5,Global Chain,Deluxe Room,Standard,King,Breakfast,1,2026-09-20,2026-09-22,2,4137.97,3517.27,620.7,496.56,False,281,2026-08-01T05:00:00,2026-08-02T00:00:00,
ORD2026090179,c_5250,BD_A,1001001,Marina Bay Sands,Singapore,Singapore,5,Global Chain,Deluxe Room,Standard,King,Breakfast,1,2026-09-17,2026-09-21,4,4013.46,3411.44,602.02,481.62,False,659,2026-08-01T20:00:00,2026-08-02T00:00:00,
ORD2026090180,c_5254,BD_A,1001002,The Fullerton Hotel Singapore,Singapore,Singapore,5,Global Chain,Deluxe Room,Standard,King,Breakfast,1,2026-09-23,2026-09-25,2,4606.26,3915.32,690.94,552.75,True,386,2026-08-01T17:00:00,2026-08-02T00:00:00,
ORD2026090181,c_5255,BD_A,1001003,Pan Pacific Singapore,Singapore,Singapore,5,Global Chain,Deluxe Room,Standard,King,Breakfast,1,2026-09-15,2026-09-18,3,1418.69,1205.89,212.8,170.24,True,90,2026-08-01T16:00:00,2026-08-02T00:00:00,CAMP_F1_SG_2026
ORD2026090182,c_5256,BD_A,1001002,The Fullerton Hotel Singapore,Singapore,Singapore,5,Global Chain,Deluxe Room,Standard,King,Breakfast,1,2026-09-24,2026-09-28,4,2686.07,2283.16,402.91,322.33,False,506,2026-08-01T01:00:00,2026-08-02T00:00:00,CAMP_F1_SG_2026
ORD2026090183,c_5257,BD_A,1001002,The Fullerton Hotel Singapore,Singapore,Singapore,5,Global Chain,Deluxe Room,Standard,King,Breakfast,1,2026-09-19,2026-09-21,2,585.86,497.98,87.88,70.3,True,428,2026-08-01T09:00:00,2026-08-02T00:00:00,CAMP_F1_SG_2026
ORD2026090184,c_5258,BD_A,1001005,Parkroyal Collection Marina Bay,Singapore,Singapore,4,Global Chain,Deluxe Room,Standard,King,Breakfast,1,2026-09-20,2026-09-24,4,4191.34,3562.64,628.7,502.96,False,706,2026-08-01T09:00:00,2026-08-02T00:00:00,CAMP_F1_SG_2026
ORD2026090185,c_5259,BD_A,1001005,Parkroyal Collection Marina Bay,Singapore,Singapore,4,Global Chain,Deluxe Room,Standard,King,Breakfast,1,2026-09-16,2026-09-20,4,2236.51,1901.03,335.48,268.38,False,680,2026-08-01T14:00:00,2026-08-02T00:00:00,CAMP_F1_SG_2026
ORD2026090186,c_5261,BD_A,1001003,Pan Pacific Singapore,Singapore,Singapore,5,Global Chain,Deluxe Room,Standard,King,Breakfast,1,2026-09-24,2026-09-26,2,2943.09,2501.63,441.46,353.17,True,593,2026-08-01T20:00:00,2026-08-02T00:00:00,
ORD2026090187,c_5262,BD_A,1001001,Marina Bay Sands,Singapore,Singapore,5,Global Chain,Deluxe Room,Standard,King,Breakfast,1,2026-09-20,2026-09-22,2,2919.59,2481.65,437.94,350.35,False,116,2026-08-01T10:00:00,2026-08-02T00:00:00,CAMP_F1_SG_2026
ORD2026090188,c_5264,BD_A,1001005,Parkroyal Collection Marina Bay,Singapore,Singapore,4,Global Chain,Deluxe Room,Standard,King,Breakfast,1,2026-09-22,2026-09-24,2,671.86,571.08,100.78,80.62,True,492,2026-08-01T21:00:00,2026-08-02T00:00:00,CAMP_F1_SG_2026
ORD2026090189,c_5265,BD_A,1001004,Swissotel The Stamford,Singapore,Singapore,5,Global Chain,Deluxe Room,Standard,King,Breakfast,1,2026-09-16,2026-09-18,2,3919.22,3331.34,587.88,470.31,True,651,2026-08-01T14:00:00,2026-08-02T00:00:00,
ORD2026090190,c_5267,BD_A,1001001,Marina Bay Sands,Singapore,Singapore,5,Global Chain,Deluxe Room,Standard,King,Breakfast,1,2026-09-17,2026-09-19,2,4443.07,3776.61,666.46,533.17,True,643,2026-08-01T00:00:00,2026-08-02T00:00:00,
ORD2026090191,c_5269,BD_A,1001003,Pan Pacific Singapore,Singapore,Singapore,5,Global Chain,Deluxe Room,Standard,King,Breakfast,1,2026-09-16,2026-09-19,3,3748.18,3185.95,562.23,449.78,False,457,2026-08-01T05:00:00,2026-08-02T00:00:00,CAMP_F1_SG_2026
ORD2026090192,c_5271,BD_A,1001005,Parkroyal Collection Marina Bay,Singapore,Singapore,4,Global Chain,Deluxe Room,Standard,King,Breakfast,1,2026-09-24,2026-09-26,2,2926.3,2487.36,438.94,351.16,True,436,2026-08-01T01:00:00,2026-08-02T00:00:00,CAMP_F1_SG_2026
ORD2026090193,c_5272,BD_A,1001004,Swissotel The Stamford,Singapore,Singapore,5,Global Chain,Deluxe Room,Standard,King,Breakfast,1,2026-09-15,2026-09-19,4,4387.98,3729.78,658.2,526.56,False,504,2026-08-01T23:00:00,2026-08-02T00:00:00,
ORD2026090194,c_5273,BD_A,1001004,Swissotel The Stamford,Singapore,Singapore,5,Global Chain,Deluxe Room,Standard,King,Breakfast,1,2026-09-17,2026-09-20,3,4947.6,4205.46,742.14,593.71,True,254,2026-08-01T23:00:00,2026-08-02T00:00:00,
ORD2026090195,c_5275,BD_A,1001003,Pan Pacific Singapore,Singapore,Singapore,5,Global Chain,Deluxe Room,Standard,King,Breakfast,1,2026-09-22,2026-09-24,2,1405.35,1194.55,210.8,168.64,False,46,2026-08-01T21:00:00,2026-08-02T00:00:00,
ORD2026090196,c_5279,BD_A,1001002,The Fullerton Hotel Singapore,Singapore,Singapore,5,Global Chain,Deluxe Room,Standard,King,Breakfast,1,2026-09-21,2026-09-24,3,1043.12,886.65,156.47,125.17,False,539,2026-08-01T11:00:00,2026-08-02T00:00:00,
ORD2026090197,c_5281,BD_A,1001003,Pan Pacific Singapore,Singapore,Singapore,5,Global Chain,Deluxe Room,Standard,King,Breakfast,1,2026-09-16,2026-09-18,2,4526.07,3847.16,678.91,543.13,False,123,2026-08-01T06:00:00,2026-08-02T00:00:00,
ORD2026090198,c_5282,BD_A,1001003,Pan Pacific Singapore,Singapore,Singapore,5,Global Chain,Deluxe Room,Standard,King,Breakfast,1,2026-09-21,2026-09-23,2,2636.88,2241.35,395.53,316.43,True,670,2026-08-01T09:00:00,2026-08-02T00:00:00,
ORD2026090199,c_5285,BD_A,1001002,The Fullerton Hotel Singapore,Singapore,Singapore,5,Global Chain,Deluxe Room,Standard,King,Breakfast,1,2026-09-19,2026-09-22,3,2938.48,2497.71,440.77,352.62,True,618,2026-08-01T08:00:00,2026-08-02T00:00:00,
ORD2026090200,c_5000,BD_A,1001002,The Fullerton Hotel Singapore,Singapore,Singapore,5,Global Chain,Deluxe Room,Standard,King,Breakfast,1,2026-09-16,2026-09-20,4,1739.08,1478.22,260.86,208.69,False,649,2026-08-01T18:00:00,2026-08-02T00:00:00,
ORD2026090201,c_5002,BD_A,1001001,Marina Bay Sands,Singapore,Singapore,5,Global Chain,Deluxe Room,Standard,King,Breakfast,1,2026-09-19,2026-09-21,2,3740.76,3179.65,561.11,448.89,False,540,2026-08-01T12:00:00,2026-08-02T00:00:00,
ORD2026090202,c_5003,BD_A,1001004,Swissotel The Stamford,Singapore,Singapore,5,Global Chain,Deluxe Room,Standard,King,Breakfast,1,2026-09-24,2026-09-27,3,4566.65,3881.65,685.0,548.0,True,671,2026-08-01T18:00:00,2026-08-02T00:00:00,
ORD2026090203,c_5004,BD_A,1001004,Swissotel The Stamford,Singapore,Singapore,5,Global Chain,Deluxe Room,Standard,King,Breakfast,1,2026-09-24,2026-09-27,3,4691.52,3987.79,703.73,562.98,True,296,2026-08-01T20:00:00,2026-08-02T00:00:00,CAMP_F1_SG_2026
ORD2026090204,c_5005,BD_A,1001005,Parkroyal Collection Marina Bay,Singapore,Singapore,4,Global Chain,Deluxe Room,Standard,King,Breakfast,1,2026-09-21,2026-09-23,2,4133.6,3513.56,620.04,496.03,True,194,2026-08-01T17:00:00,2026-08-02T00:00:00,
ORD2026090205,c_5006,BD_A,1001004,Swissotel The Stamford,Singapore,Singapore,5,Global Chain,Deluxe Room,Standard,King,Breakfast,1,2026-09-16,2026-09-19,3,4138.51,3517.73,620.78,496.62,True,317,2026-08-01T13:00:00,2026-08-02T00:00:00,
ORD2026090206,c_5007,BD_A,1001002,The Fullerton Hotel Singapore,Singapore,Singapore,5,Global Chain,Deluxe Room,Standard,King,Breakfast,1,2026-09-21,2026-09-25,4,1518.2,1290.47,227.73,182.18,False,660,2026-08-01T04:00:00,2026-08-02T00:00:00,
ORD2026090207,c_5008,BD_A,1001003,Pan Pacific Singapore,Singapore,Singapore,5,Global Chain,Deluxe Room,Standard,King,Breakfast,1,2026-09-17,2026-09-19,2,592.47,503.6,88.87,71.1,False,578,2026-08-01T12:00:00,2026-08-02T00:00:00,CAMP_F1_SG_2026
ORD2026090208,c_5009,BD_A,1001001,Marina Bay Sands,Singapore,Singapore,5,Global Chain,Deluxe Room,Standard,King,Breakfast,1,2026-09-20,2026-09-23,3,1778.38,1511.62,266.76,213.41,False,426,2026-08-01T11:00:00,2026-08-02T00:00:00,CAMP_F1_SG_2026
ORD2026090209,c_5011,BD_A,1001004,Swissotel The Stamford,Singapore,Singapore,5,Global Chain,Deluxe Room,Standard,King,Breakfast,1,2026-09-23,2026-09-26,3,4963.57,4219.03,744.54,595.63,False,338,2026-08-01T20:00:00,2026-08-02T00:00:00,CAMP_F1_SG_2026
ORD2026090210,c_5012,BD_A,1001004,Swissotel The Stamford,Singapore,Singapore,5,Global Chain,Deluxe Room,Standard,King,Breakfast,1,2026-09-16,2026-09-19,3,3976.63,3380.14,596.49,477.2,False,636,2026-08-01T23:00:00,2026-08-02T00:00:00,
ORD2026090211,c_5013,BD_A,1001002,The Fullerton Hotel Singapore,Singapore,Singapore,5,Global Chain,Deluxe Room,Standard,King,Breakfast,1,2026-09-21,2026-09-25,4,3242.3,2755.95,486.35,389.08,False,688,2026-08-01T23:00:00,2026-08-02T00:00:00,
ORD2026090212,c_5015,BD_A,1001002,The Fullerton Hotel Singapore,Singapore,Singapore,5,Global Chain,Deluxe Room,Standard,King,Breakfast,1,2026-09-15,2026-09-19,4,894.68,760.48,134.2,107.36,False,603,2026-08-01T06:00:00,2026-08-02T00:00:00,CAMP_F1_SG_2026
ORD2026090213,c_5018,BD_A,1001003,Pan Pacific Singapore,Singapore,Singapore,5,Global Chain,Deluxe Room,Standard,King,Breakfast,1,2026-09-22,2026-09-24,2,543.33,461.83,81.5,65.2,True,696,2026-08-01T09:00:00,2026-08-02T00:00:00,CAMP_F1_SG_2026
ORD2026090214,c_5020,BD_A,1001002,The Fullerton Hotel Singapore,Singapore,Singapore,5,Global Chain,Deluxe Room,Standard,King,Breakfast,1,2026-09-17,2026-09-19,2,2851.21,2423.53,427.68,342.15,False,694,2026-08-01T15:00:00,2026-08-02T00:00:00,CAMP_F1_SG_2026
ORD2026090215,c_5021,BD_A,1001002,The Fullerton Hotel Singapore,Singapore,Singapore,5,Global Chain,Deluxe Room,Standard,King,Breakfast,1,2026-09-15,2026-09-18,3,1766.32,1501.37,264.95,211.96,False,113,2026-08-01T00:00:00,2026-08-02T00:00:00,CAMP_F1_SG_2026
ORD2026090216,c_5024,BD_A,1001005,Parkroyal Collection Marina Bay,Singapore,Singapore,4,Global Chain,Deluxe Room,Standard,King,Breakfast,1,2026-09-16,2026-09-19,3,4330.73,3681.12,649.61,519.69,False,399,2026-08-01T07:00:00,2026-08-02T00:00:00,CAMP_F1_SG_2026
ORD2026090217,c_5025,BD_A,1001004,Swissotel The Stamford,Singapore,Singapore,5,Global Chain,Deluxe Room,Standard,King,Breakfast,1,2026-09-17,2026-09-19,2,1856.91,1578.37,278.54,222.83,False,268,2026-08-01T00:00:00,2026-08-02T00:00:00,
ORD2026090218,c_5027,BD_A,1001005,Parkroyal Collection Marina Bay,Singapore,Singapore,4,Global Chain,Deluxe Room,Standard,King,Breakfast,1,2026-09-24,2026-09-27,3,3719.0,3161.15,557.85,446.28,True,109,2026-08-01T07:00:00,2026-08-02T00:00:00,CAMP_F1_SG_2026
ORD2026090219,c_5029,BD_A,1001002,The Fullerton Hotel Singapore,Singapore,Singapore,5,Global Chain,Deluxe Room,Standard,King,Breakfast,1,2026-09-23,2026-09-26,3,2081.79,1769.52,312.27,249.81,False,116,2026-08-01T17:00:00,2026-08-02T00:00:00,CAMP_F1_SG_2026
ORD2026090220,c_5030,BD_A,1001003,Pan Pacific Singapore,Singapore,Singapore,5,Global Chain,Deluxe Room,Standard,King,Breakfast,1,2026-09-21,2026-09-24,3,765.54,650.71,114.83,91.86,False,169,2026-08-01T13:00:00,2026-08-02T00:00:00,
ORD2026090221,c_5031,BD_A,1001003,Pan Pacific Singapore,Singapore,Singapore,5,Global Chain,Deluxe Room,Standard,King,Breakfast,1,2026-09-24,2026-09-28,4,584.08,496.47,87.61,70.09,True,550,2026-08-01T01:00:00,2026-08-02T00:00:00,
ORD2026090222,c_5032,BD_A,1001002,The Fullerton Hotel Singapore,Singapore,Singapore,5,Global Chain,Deluxe Room,Standard,King,Breakfast,1,2026-09-23,2026-09-27,4,2253.54,1915.51,338.03,270.42,False,460,2026-08-01T08:00:00,2026-08-02T00:00:00,CAMP_F1_SG_2026
ORD2026090223,c_5033,BD_A,1001004,Swissotel The Stamford,Singapore,Singapore,5,Global Chain,Deluxe Room,Standard,King,Breakfast,1,2026-09-17,2026-09-21,4,519.21,441.33,77.88,62.31,False,359,2026-08-01T10:00:00,2026-08-02T00:00:00,
ORD2026090224,c_5034,BD_A,1001003,Pan Pacific Singapore,Singapore,Singapore,5,Global Chain,Deluxe Room,Standard,King,Breakfast,1,2026-09-19,2026-09-23,4,4505.63,3829.79,675.84,540.68,True,141,2026-08-01T14:00:00,2026-08-02T00:00:00,
ORD2026090225,c_5036,BD_A,1001003,Pan Pacific Singapore,Singapore,Singapore,5,Global Chain,Deluxe Room,Standard,King,Breakfast,1,2026-09-23,2026-09-27,4,953.91,810.82,143.09,114.47,True,153,2026-08-01T14:00:00,2026-08-02T00:00:00,
ORD2026090226,c_5038,BD_A,1001005,Parkroyal Collection Marina Bay,Singapore,Singapore,4,Global Chain,Deluxe Room,Standard,King,Breakfast,1,2026-09-19,2026-09-21,2,4348.17,3695.94,652.23,521.78,False,86,2026-08-01T22:00:00,2026-08-02T00:00:00,CAMP_F1_SG_2026
ORD2026090227,c_5040,BD_A,1001001,Marina Bay Sands,Singapore,Singapore,5,Global Chain,Deluxe Room,Standard,King,Breakfast,1,2026-09-20,2026-09-22,2,3605.34,3064.54,540.8,432.64,True,478,2026-08-01T12:00:00,2026-08-02T00:00:00,CAMP_F1_SG_2026
ORD2026090228,c_5041,BD_A,1001004,Swissotel The Stamford,Singapore,Singapore,5,Global Chain,Deluxe Room,Standard,King,Breakfast,1,2026-09-25,2026-09-28,3,4377.56,3720.93,656.63,525.31,False,390,2026-08-01T17:00:00,2026-08-02T00:00:00,
ORD2026090229,c_5043,BD_A,1001003,Pan Pacific Singapore,Singapore,Singapore,5,Global Chain,Deluxe Room,Standard,King,Breakfast,1,2026-09-18,2026-09-20,2,1873.45,1592.43,281.02,224.81,False,660,2026-08-01T18:00:00,2026-08-02T00:00:00,
ORD2026090230,c_5047,BD_A,1001002,The Fullerton Hotel Singapore,Singapore,Singapore,5,Global Chain,Deluxe Room,Standard,King,Breakfast,1,2026-09-24,2026-09-26,2,2190.28,1861.74,328.54,262.83,True,281,2026-08-01T01:00:00,2026-08-02T00:00:00,
ORD2026090231,c_5049,BD_A,1001002,The Fullerton Hotel Singapore,Singapore,Singapore,5,Global Chain,Deluxe Room,Standard,King,Breakfast,1,2026-09-24,2026-09-26,2,3973.77,3377.7,596.07,476.85,True,686,2026-08-01T12:00:00,2026-08-02T00:00:00,CAMP_F1_SG_2026
ORD2026090232,c_5052,BD_A,1001001,Marina Bay Sands,Singapore,Singapore,5,Global Chain,Deluxe Room,Standard,King,Breakfast,1,2026-09-18,2026-09-22,4,4423.87,3760.29,663.58,530.86,False,658,2026-08-01T04:00:00,2026-08-02T00:00:00,CAMP_F1_SG_2026
ORD2026090233,c_5053,BD_A,1001005,Parkroyal Collection Marina Bay,Singapore,Singapore,4,Global Chain,Deluxe Room,Standard,King,Breakfast,1,2026-09-21,2026-09-24,3,736.45,625.98,110.47,88.37,True,578,2026-08-01T14:00:00,2026-08-02T00:00:00,
ORD2026090234,c_5054,BD_A,1001001,Marina Bay Sands,Singapore,Singapore,5,Global Chain,Deluxe Room,Standard,King,Breakfast,1,2026-09-25,2026-09-28,3,922.62,784.23,138.39,110.71,False,534,2026-08-01T22:00:00,2026-08-02T00:00:00,CAMP_F1_SG_2026
ORD2026090235,c_5055,BD_A,1001003,Pan Pacific Singapore,Singapore,Singapore,5,Global Chain,Deluxe Room,Standard,King,Breakfast,1,2026-09-15,2026-09-19,4,3294.41,2800.25,494.16,395.33,True,367,2026-08-01T09:00:00,2026-08-02T00:00:00,
ORD2026090236,c_5056,BD_A,1001004,Swissotel The Stamford,Singapore,Singapore,5,Global Chain,Deluxe Room,Standard,King,Breakfast,1,2026-09-17,2026-09-21,4,3861.83,3282.56,579.27,463.42,True,241,2026-08-01T02:00:00,2026-08-02T00:00:00,CAMP_F1_SG_2026
ORD2026090237,c_5057,BD_A,1001001,Marina Bay Sands,Singapore,Singapore,5,Global Chain,Deluxe Room,Standard,King,Breakfast,1,2026-09-19,2026-09-21,2,1389.75,1181.29,208.46,166.77,True,194,2026-08-01T11:00:00,2026-08-02T00:00:00,CAMP_F1_SG_2026
ORD2026090238,c_5059,BD_A,1001005,Parkroyal Collection Marina Bay,Singapore,Singapore,4,Global Chain,Deluxe Room,Standard,King,Breakfast,1,2026-09-25,2026-09-27,2,4137.35,3516.75,620.6,496.48,False,435,2026-08-01T01:00:00,2026-08-02T00:00:00,CAMP_F1_SG_2026
ORD2026090239,c_5060,BD_A,1001001,Marina Bay Sands,Singapore,Singapore,5,Global Chain,Deluxe Room,Standard,King,Breakfast,1,2026-09-15,2026-09-18,3,4641.67,3945.42,696.25,557.0,False,451,2026-08-01T21:00:00,2026-08-02T00:00:00,
ORD2026090240,c_5061,BD_A,1001001,Marina Bay Sands,Singapore,Singapore,5,Global Chain,Deluxe Room,Standard,King,Breakfast,1,2026-09-18,2026-09-22,4,2047.37,1740.26,307.11,245.68,False,420,2026-08-01T02:00:00,2026-08-02T00:00:00,CAMP_F1_SG_2026
ORD2026090241,c_5064,BD_A,1001004,Swissotel The Stamford,Singapore,Singapore,5,Global Chain,Deluxe Room,Standard,King,Breakfast,1,2026-09-15,2026-09-17,2,1667.65,1417.5,250.15,200.12,True,90,2026-08-01T14:00:00,2026-08-02T00:00:00,
ORD2026090242,c_5065,BD_A,1001005,Parkroyal Collection Marina Bay,Singapore,Singapore,4,Global Chain,Deluxe Room,Standard,King,Breakfast,1,2026-09-25,2026-09-29,4,3048.33,2591.08,457.25,365.8,True,255,2026-08-01T02:00:00,2026-08-02T00:00:00,
ORD2026090243,c_5067,BD_A,1001004,Swissotel The Stamford,Singapore,Singapore,5,Global Chain,Deluxe Room,Standard,King,Breakfast,1,2026-09-17,2026-09-21,4,2495.11,2120.84,374.27,299.41,False,94,2026-08-01T17:00:00,2026-08-02T00:00:00,
ORD2026090244,c_5068,BD_A,1001002,The Fullerton Hotel Singapore,Singapore,Singapore,5,Global Chain,Deluxe Room,Standard,King,Breakfast,1,2026-09-21,2026-09-23,2,1898.78,1613.96,284.82,227.85,True,141,2026-08-01T00:00:00,2026-08-02T00:00:00,CAMP_F1_SG_2026
ORD2026090245,c_5071,BD_A,1001004,Swissotel The Stamford,Singapore,Singapore,5,Global Chain,Deluxe Room,Standard,King,Breakfast,1,2026-09-16,2026-09-20,4,2543.9,2162.32,381.58,305.27,True,613,2026-08-01T15:00:00,2026-08-02T00:00:00,CAMP_F1_SG_2026
ORD2026090246,c_5072,BD_A,1001004,Swissotel The Stamford,Singapore,Singapore,5,Global Chain,Deluxe Room,Standard,King,Breakfast,1,2026-09-15,2026-09-17,2,1580.13,1343.11,237.02,189.62,False,438,2026-08-01T04:00:00,2026-08-02T00:00:00,CAMP_F1_SG_2026
ORD2026090247,c_5073,BD_A,1001005,Parkroyal Collection Marina Bay,Singapore,Singapore,4,Global Chain,Deluxe Room,Standard,King,Breakfast,1,2026-09-22,2026-09-24,2,1100.34,935.29,165.05,132.04,True,507,2026-08-01T00:00:00,2026-08-02T00:00:00,
ORD2026090248,c_5076,BD_A,1001003,Pan Pacific Singapore,Singapore,Singapore,5,Global Chain,Deluxe Room,Standard,King,Breakfast,1,2026-09-15,2026-09-19,4,3755.17,3191.89,563.28,450.62,False,516,2026-08-01T03:00:00,2026-08-02T00:00:00,CAMP_F1_SG_2026
ORD2026090249,c_5077,BD_A,1001002,The Fullerton Hotel Singapore,Singapore,Singapore,5,Global Chain,Deluxe Room,Standard,King,Breakfast,1,2026-09-16,2026-09-20,4,4196.47,3567.0,629.47,503.58,False,285,2026-08-01T21:00:00,2026-08-02T00:00:00,CAMP_F1_SG_2026
ORD2026090250,c_5078,BD_A,1001001,Marina Bay Sands,Singapore,Singapore,5,Global Chain,Deluxe Room,Standard,King,Breakfast,1,2026-09-19,2026-09-22,3,3980.52,3383.44,597.08,477.66,False,611,2026-08-01T19:00:00,2026-08-02T00:00:00,CAMP_F1_SG_2026
ORD2026090251,c_5079,BD_A,1001005,Parkroyal Collection Marina Bay,Singapore,Singapore,4,Global Chain,Deluxe Room,Standard,King,Breakfast,1,2026-09-19,2026-09-23,4,3028.89,2574.56,454.33,363.47,False,535,2026-08-01T01:00:00,2026-08-02T00:00:00,CAMP_F1_SG_2026
ORD2026090252,c_5080,BD_A,1001003,Pan Pacific Singapore,Singapore,Singapore,5,Global Chain,Deluxe Room,Standard,King,Breakfast,1,2026-09-19,2026-09-21,2,4441.81,3775.54,666.27,533.02,True,543,2026-08-01T00:00:00,2026-08-02T00:00:00,CAMP_F1_SG_2026
ORD2026090253,c_5081,BD_A,1001004,Swissotel The Stamford,Singapore,Singapore,5,Global Chain,Deluxe Room,Standard,King,Breakfast,1,2026-09-16,2026-09-20,4,1641.72,1395.46,246.26,197.01,True,91,2026-08-01T11:00:00,2026-08-02T00:00:00,
ORD2026090254,c_5083,BD_A,1001005,Parkroyal Collection Marina Bay,Singapore,Singapore,4,Global Chain,Deluxe Room,Standard,King,Breakfast,1,2026-09-17,2026-09-19,2,2118.26,1800.52,317.74,254.19,True,532,2026-08-01T10:00:00,2026-08-02T00:00:00,CAMP_F1_SG_2026
ORD2026090255,c_5084,BD_A,1001001,Marina Bay Sands,Singapore,Singapore,5,Global Chain,Deluxe Room,Standard,King,Breakfast,1,2026-09-16,2026-09-20,4,2912.2,2475.37,436.83,349.46,False,142,2026-08-01T15:00:00,2026-08-02T00:00:00,CAMP_F1_SG_2026
ORD2026090256,c_5085,BD_A,1001001,Marina Bay Sands,Singapore,Singapore,5,Global Chain,Deluxe Room,Standard,King,Breakfast,1,2026-09-17,2026-09-19,2,2255.38,1917.07,338.31,270.65,True,383,2026-08-01T17:00:00,2026-08-02T00:00:00,
ORD2026090257,c_5087,BD_A,1001001,Marina Bay Sands,Singapore,Singapore,5,Global Chain,Deluxe Room,Standard,King,Breakfast,1,2026-09-15,2026-09-19,4,3038.54,2582.76,455.78,364.62,False,511,2026-08-01T07:00:00,2026-08-02T00:00:00,CAMP_F1_SG_2026
ORD2026090258,c_5088,BD_A,1001001,Marina Bay Sands,Singapore,Singapore,5,Global Chain,Deluxe Room,Standard,King,Breakfast,1,2026-09-16,2026-09-19,3,1090.38,926.82,163.56,130.85,True,517,2026-08-01T09:00:00,2026-08-02T00:00:00,CAMP_F1_SG_2026
ORD2026090259,c_5089,BD_A,1001005,Parkroyal Collection Marina Bay,Singapore,Singapore,4,Global Chain,Deluxe Room,Standard,King,Breakfast,1,2026-09-22,2026-09-24,2,1411.26,1199.57,211.69,169.35,True,106,2026-08-01T16:00:00,2026-08-02T00:00:00,CAMP_F1_SG_2026
ORD2026090260,c_5090,BD_A,1001005,Parkroyal Collection Marina Bay,Singapore,Singapore,4,Global Chain,Deluxe Room,Standard,King,Breakfast,1,2026-09-24,2026-09-27,3,3988.48,3390.21,598.27,478.62,False,41,2026-08-01T09:00:00,2026-08-02T00:00:00,CAMP_F1_SG_2026
ORD2026090261,c_5091,BD_A,1001002,The Fullerton Hotel Singapore,Singapore,Singapore,5,Global Chain,Deluxe Room,Standard,King,Breakfast,1,2026-09-16,2026-09-18,2,3375.0,2868.75,506.25,405.0,False,618,2026-08-01T20:00:00,2026-08-02T00:00:00,
ORD2026090262,c_5092,BD_A,1001005,Parkroyal Collection Marina Bay,Singapore,Singapore,4,Global Chain,Deluxe Room,Standard,King,Breakfast,1,2026-09-20,2026-09-23,3,4415.49,3753.17,662.32,529.86,True,76,2026-08-01T17:00:00,2026-08-02T00:00:00,
ORD2026090263,c_5093,BD_A,1001001,Marina Bay Sands,Singapore,Singapore,5,Global Chain,Deluxe Room,Standard,King,Breakfast,1,2026-09-24,2026-09-26,2,2837.17,2411.59,425.58,340.46,False,57,2026-08-01T18:00:00,2026-08-02T00:00:00,
ORD2026090264,c_5094,BD_A,1001001,Marina Bay Sands,Singapore,Singapore,5,Global Chain,Deluxe Room,Standard,King,Breakfast,1,2026-09-23,2026-09-26,3,2139.31,1818.41,320.9,256.72,True,271,2026-08-01T23:00:00,2026-08-02T00:00:00,
ORD2026090265,c_5095,BD_A,1001001,Marina Bay Sands,Singapore,Singapore,5,Global Chain,Deluxe Room,Standard,King,Breakfast,1,2026-09-17,2026-09-20,3,4939.82,4198.85,740.97,592.78,True,609,2026-08-01T23:00:00,2026-08-02T00:00:00,CAMP_F1_SG_2026
ORD2026090266,c_5096,BD_A,1001001,Marina Bay Sands,Singapore,Singapore,5,Global Chain,Deluxe Room,Standard,King,Breakfast,1,2026-09-21,2026-09-24,3,4782.09,4064.78,717.31,573.85,True,167,2026-08-01T10:00:00,2026-08-02T00:00:00,
ORD2026090267,c_5097,BD_A,1001002,The Fullerton Hotel Singapore,Singapore,Singapore,5,Global Chain,Deluxe Room,Standard,King,Breakfast,1,2026-09-21,2026-09-25,4,2385.33,2027.53,357.8,286.24,True,95,2026-08-01T01:00:00,2026-08-02T00:00:00,CAMP_F1_SG_2026
ORD2026090268,c_5098,BD_A,1001004,Swissotel The Stamford,Singapore,Singapore,5,Global Chain,Deluxe Room,Standard,King,Breakfast,1,2026-09-15,2026-09-17,2,1442.64,1226.24,216.4,173.12,True,397,2026-08-01T04:00:00,2026-08-02T00:00:00,
ORD2026090269,c_5099,BD_A,1001005,Parkroyal Collection Marina Bay,Singapore,Singapore,4,Global Chain,Deluxe Room,Standard,King,Breakfast,1,2026-09-15,2026-09-18,3,971.71,825.95,145.76,116.61,False,349,2026-08-01T07:00:00,2026-08-02T00:00:00,
ORD2026090270,c_5102,BD_A,1001002,The Fullerton Hotel Singapore,Singapore,Singapore,5,Global Chain,Deluxe Room,Standard,King,Breakfast,1,2026-09-21,2026-09-23,2,3086.08,2623.17,462.91,370.33,True,156,2026-08-01T04:00:00,2026-08-02T00:00:00,CAMP_F1_SG_2026
ORD2026090271,c_5104,BD_A,1001003,Pan Pacific Singapore,Singapore,Singapore,5,Global Chain,Deluxe Room,Standard,King,Breakfast,1,2026-09-15,2026-09-18,3,1057.68,899.03,158.65,126.92,False,547,2026-08-01T11:00:00,2026-08-02T00:00:00,CAMP_F1_SG_2026
ORD2026090272,c_5105,BD_A,1001005,Parkroyal Collection Marina Bay,Singapore,Singapore,4,Global Chain,Deluxe Room,Standard,King,Breakfast,1,2026-09-25,2026-09-29,4,1374.45,1168.28,206.17,164.93,True,648,2026-08-01T06:00:00,2026-08-02T00:00:00,
ORD2026090273,c_5106,BD_A,1001003,Pan Pacific Singapore,Singapore,Singapore,5,Global Chain,Deluxe Room,Standard,King,Breakfast,1,2026-09-15,2026-09-18,3,1173.83,997.76,176.07,140.86,True,251,2026-08-01T15:00:00,2026-08-02T00:00:00,CAMP_F1_SG_2026
ORD2026090274,c_5107,BD_A,1001001,Marina Bay Sands,Singapore,Singapore,5,Global Chain,Deluxe Room,Standard,King,Breakfast,1,2026-09-24,2026-09-27,3,986.44,838.47,147.97,118.37,True,714,2026-08-01T19:00:00,2026-08-02T00:00:00,CAMP_F1_SG_2026
ORD2026090275,c_5108,BD_A,1001004,Swissotel The Stamford,Singapore,Singapore,5,Global Chain,Deluxe Room,Standard,King,Breakfast,1,2026-09-23,2026-09-27,4,674.32,573.17,101.15,80.92,True,248,2026-08-01T00:00:00,2026-08-02T00:00:00,
ORD2026090276,c_5109,BD_A,1001002,The Fullerton Hotel Singapore,Singapore,Singapore,5,Global Chain,Deluxe Room,Standard,King,Breakfast,1,2026-09-20,2026-09-23,3,2093.65,1779.6,314.05,251.24,True,526,2026-08-01T13:00:00,2026-08-02T00:00:00,
ORD2026090277,c_5110,BD_A,1001003,Pan Pacific Singapore,Singapore,Singapore,5,Global Chain,Deluxe Room,Standard,King,Breakfast,1,2026-09-25,2026-09-29,4,4667.98,3967.78,700.2,560.16,False,220,2026-08-01T00:00:00,2026-08-02T00:00:00,CAMP_F1_SG_2026
ORD2026090278,c_5112,BD_A,1001004,Swissotel The Stamford,Singapore,Singapore,5,Global Chain,Deluxe Room,Standard,King,Breakfast,1,2026-09-18,2026-09-22,4,4241.44,3605.22,636.22,508.97,True,716,2026-08-01T13:00:00,2026-08-02T00:00:00,CAMP_F1_SG_2026
ORD2026090279,c_5113,BD_A,1001002,The Fullerton Hotel Singapore,Singapore,Singapore,5,Global Chain,Deluxe Room,Standard,King,Breakfast,1,2026-09-19,2026-09-22,3,4195.97,3566.57,629.4,503.52,False,319,2026-08-01T14:00:00,2026-08-02T00:00:00,CAMP_F1_SG_2026
ORD2026090280,c_5114,BD_A,1001001,Marina Bay Sands,Singapore,Singapore,5,Global Chain,Deluxe Room,Standard,King,Breakfast,1,2026-09-15,2026-09-19,4,2417.95,2055.26,362.69,290.15,True,194,2026-08-01T18:00:00,2026-08-02T00:00:00,
ORD2026090281,c_5116,BD_A,1001004,Swissotel The Stamford,Singapore,Singapore,5,Global Chain,Deluxe Room,Standard,King,Breakfast,1,2026-09-25,2026-09-28,3,3790.71,3222.1,568.61,454.89,False,718,2026-08-01T14:00:00,2026-08-02T00:00:00,CAMP_F1_SG_2026
ORD2026090282,c_5117,BD_A,1001002,The Fullerton Hotel Singapore,Singapore,Singapore,5,Global Chain,Deluxe Room,Standard,King,Breakfast,1,2026-09-21,2026-09-24,3,3628.21,3083.98,544.23,435.39,False,302,2026-08-01T16:00:00,2026-08-02T00:00:00,
ORD2026090283,c_5119,BD_A,1001004,Swissotel The Stamford,Singapore,Singapore,5,Global Chain,Deluxe Room,Standard,King,Breakfast,1,2026-09-24,2026-09-28,4,1619.73,1376.77,242.96,194.37,True,595,2026-08-01T08:00:00,2026-08-02T00:00:00,CAMP_F1_SG_2026
ORD2026090284,c_5121,BD_A,1001003,Pan Pacific Singapore,Singapore,Singapore,5,Global Chain,Deluxe Room,Standard,King,Breakfast,1,2026-09-17,2026-09-20,3,1880.21,1598.18,282.03,225.63,True,265,2026-08-01T23:00:00,2026-08-02T00:00:00,CAMP_F1_SG_2026
ORD2026090285,c_5122,BD_A,1001003,Pan Pacific Singapore,Singapore,Singapore,5,Global Chain,Deluxe Room,Standard,King,Breakfast,1,2026-09-19,2026-09-22,3,4886.92,4153.88,733.04,586.43,True,596,2026-08-01T00:00:00,2026-08-02T00:00:00,
ORD2026090286,c_5123,BD_A,1001002,The Fullerton Hotel Singapore,Singapore,Singapore,5,Global Chain,Deluxe Room,Standard,King,Breakfast,1,2026-09-17,2026-09-21,4,3828.12,3253.9,574.22,459.37,False,650,2026-08-01T21:00:00,2026-08-02T00:00:00,
ORD2026090287,c_5124,BD_A,1001003,Pan Pacific Singapore,Singapore,Singapore,5,Global Chain,Deluxe Room,Standard,King,Breakfast,1,2026-09-22,2026-09-24,2,3512.3,2985.45,526.85,421.48,True,413,2026-08-01T06:00:00,2026-08-02T00:00:00,
ORD2026090288,c_5126,BD_A,1001005,Parkroyal Collection Marina Bay,Singapore,Singapore,4,Global Chain,Deluxe Room,Standard,King,Breakfast,1,2026-09-16,2026-09-20,4,1347.53,1145.4,202.13,161.7,False,583,2026-08-01T03:00:00,2026-08-02T00:00:00,CAMP_F1_SG_2026
ORD2026090289,c_5127,BD_A,1001002,The Fullerton Hotel Singapore,Singapore,Singapore,5,Global Chain,Deluxe Room,Standard,King,Breakfast,1,2026-09-15,2026-09-18,3,1301.24,1106.05,195.19,156.15,True,449,2026-08-01T18:00:00,2026-08-02T00:00:00,CAMP_F1_SG_2026
ORD2026090290,c_5128,BD_A,1001004,Swissotel The Stamford,Singapore,Singapore,5,Global Chain,Deluxe Room,Standard,King,Breakfast,1,2026-09-21,2026-09-25,4,1438.64,1222.84,215.8,172.64,False,673,2026-08-01T21:00:00,2026-08-02T00:00:00,
ORD2026090291,c_5130,BD_A,1001003,Pan Pacific Singapore,Singapore,Singapore,5,Global Chain,Deluxe Room,Standard,King,Breakfast,1,2026-09-15,2026-09-18,3,4775.79,4059.42,716.37,573.09,True,448,2026-08-01T05:00:00,2026-08-02T00:00:00,CAMP_F1_SG_2026
ORD2026090292,c_5132,BD_A,1001004,Swissotel The Stamford,Singapore,Singapore,5,Global Chain,Deluxe Room,Standard,King,Breakfast,1,2026-09-22,2026-09-26,4,1339.79,1138.82,200.97,160.77,False,565,2026-08-01T18:00:00,2026-08-02T00:00:00,CAMP_F1_SG_2026
ORD2026090293,c_5134,BD_A,1001002,The Fullerton Hotel Singapore,Singapore,Singapore,5,Global Chain,Deluxe Room,Standard,King,Breakfast,1,2026-09-21,2026-09-23,2,3338.8,2837.98,500.82,400.66,True,206,2026-08-01T03:00:00,2026-08-02T00:00:00,CAMP_F1_SG_2026
ORD2026090294,c_5135,BD_A,1001005,Parkroyal Collection Marina Bay,Singapore,Singapore,4,Global Chain,Deluxe Room,Standard,King,Breakfast,1,2026-09-22,2026-09-26,4,4750.98,4038.33,712.65,570.12,False,718,2026-08-01T01:00:00,2026-08-02T00:00:00,
ORD2026090295,c_5136,BD_A,1001002,The Fullerton Hotel Singapore,Singapore,Singapore,5,Global Chain,Deluxe Room,Standard,King,Breakfast,1,2026-09-20,2026-09-23,3,3334.24,2834.1,500.14,400.11,True,57,2026-08-01T23:00:00,2026-08-02T00:00:00,CAMP_F1_SG_2026
ORD2026090296,c_5137,BD_A,1001004,Swissotel The Stamford,Singapore,Singapore,5,Global Chain,Deluxe Room,Standard,King,Breakfast,1,2026-09-24,2026-09-28,4,3448.73,2931.42,517.31,413.85,False,40,2026-08-01T19:00:00,2026-08-02T00:00:00,CAMP_F1_SG_2026
ORD2026090297,c_5138,BD_A,1001002,The Fullerton Hotel Singapore,Singapore,Singapore,5,Global Chain,Deluxe Room,Standard,King,Breakfast,1,2026-09-20,2026-09-24,4,4559.36,3875.46,683.9,547.12,False,619,2026-08-01T00:00:00,2026-08-02T00:00:00,
ORD2026090298,c_5139,BD_A,1001005,Parkroyal Collection Marina Bay,Singapore,Singapore,4,Global Chain,Deluxe Room,Standard,King,Breakfast,1,2026-09-20,2026-09-23,3,638.42,542.66,95.76,76.61,False,680,2026-08-01T18:00:00,2026-08-02T00:00:00,
ORD2026090299,c_5140,BD_A,1001004,Swissotel The Stamford,Singapore,Singapore,5,Global Chain,Deluxe Room,Standard,King,Breakfast,1,2026-09-15,2026-09-19,4,2635.55,2240.22,395.33,316.27,False,230,2026-08-01T07:00:00,2026-08-02T00:00:00,CAMP_F1_SG_2026
ORD2026090300,c_5142,BD_A,1001002,The Fullerton Hotel Singapore,Singapore,Singapore,5,Global Chain,Deluxe Room,Standard,King,Breakfast,1,2026-09-19,2026-09-21,2,4156.07,3532.66,623.41,498.73,True,37,2026-08-01T16:00:00,2026-08-02T00:00:00,
ORD2026090301,c_5143,BD_A,1001002,The Fullerton Hotel Singapore,Singapore,Singapore,5,Global Chain,Deluxe Room,Standard,King,Breakfast,1,2026-09-17,2026-09-21,4,3098.06,2633.35,464.71,371.77,False,541,2026-08-01T01:00:00,2026-08-02T00:00:00,CAMP_F1_SG_2026
ORD2026090302,c_5145,BD_A,1001001,Marina Bay Sands,Singapore,Singapore,5,Global Chain,Deluxe Room,Standard,King,Breakfast,1,2026-09-17,2026-09-20,3,1117.5,949.88,167.62,134.1,False,680,2026-08-01T00:00:00,2026-08-02T00:00:00,CAMP_F1_SG_2026
ORD2026090303,c_5146,BD_A,1001001,Marina Bay Sands,Singapore,Singapore,5,Global Chain,Deluxe Room,Standard,King,Breakfast,1,2026-09-24,2026-09-26,2,2860.02,2431.02,429.0,343.2,True,158,2026-08-01T10:00:00,2026-08-02T00:00:00,CAMP_F1_SG_2026
ORD2026090304,c_5151,BD_A,1001003,Pan Pacific Singapore,Singapore,Singapore,5,Global Chain,Deluxe Room,Standard,King,Breakfast,1,2026-09-22,2026-09-26,4,2921.13,2482.96,438.17,350.54,False,684,2026-08-01T07:00:00,2026-08-02T00:00:00,CAMP_F1_SG_2026
ORD2026090305,c_5152,BD_A,1001001,Marina Bay Sands,Singapore,Singapore,5,Global Chain,Deluxe Room,Standard,King,Breakfast,1,2026-09-17,2026-09-19,2,4747.55,4035.42,712.13,569.71,False,628,2026-08-01T23:00:00,2026-08-02T00:00:00,
ORD2026090306,c_5153,BD_A,1001001,Marina Bay Sands,Singapore,Singapore,5,Global Chain,Deluxe Room,Standard,King,Breakfast,1,2026-09-22,2026-09-25,3,1354.66,1151.46,203.2,162.56,True,351,2026-08-01T12:00:00,2026-08-02T00:00:00,CAMP_F1_SG_2026
ORD2026090307,c_5155,BD_A,1001002,The Fullerton Hotel Singapore,Singapore,Singapore,5,Global Chain,Deluxe Room,Standard,King,Breakfast,1,2026-09-23,2026-09-26,3,1852.3,1574.45,277.84,222.28,False,144,2026-08-01T13:00:00,2026-08-02T00:00:00,CAMP_F1_SG_2026
ORD2026090308,c_5156,BD_A,1001005,Parkroyal Collection Marina Bay,Singapore,Singapore,4,Global Chain,Deluxe Room,Standard,King,Breakfast,1,2026-09-24,2026-09-26,2,850.77,723.15,127.62,102.09,False,120,2026-08-01T03:00:00,2026-08-02T00:00:00,CAMP_F1_SG_2026
ORD2026090309,c_5157,BD_A,1001004,Swissotel The Stamford,Singapore,Singapore,5,Global Chain,Deluxe Room,Standard,King,Breakfast,1,2026-09-24,2026-09-28,4,4764.96,4050.22,714.74,571.8,False,467,2026-08-01T13:00:00,2026-08-02T00:00:00,
ORD2026090310,c_5158,BD_A,1001002,The Fullerton Hotel Singapore,Singapore,Singapore,5,Global Chain,Deluxe Room,Standard,King,Breakfast,1,2026-09-20,2026-09-22,2,2244.92,1908.18,336.74,269.39,True,320,2026-08-01T09:00:00,2026-08-02T00:00:00,CAMP_F1_SG_2026
ORD2026090311,c_5159,BD_A,1001003,Pan Pacific Singapore,Singapore,Singapore,5,Global Chain,Deluxe Room,Standard,King,Breakfast,1,2026-09-25,2026-09-29,4,1364.21,1159.58,204.63,163.71,True,168,2026-08-01T13:00:00,2026-08-02T00:00:00,
ORD2026090312,c_5160,BD_A,1001005,Parkroyal Collection Marina Bay,Singapore,Singapore,4,Global Chain,Deluxe Room,Standard,King,Breakfast,1,2026-09-21,2026-09-25,4,2030.42,1725.86,304.56,243.65,False,396,2026-08-01T20:00:00,2026-08-02T00:00:00,CAMP_F1_SG_2026
ORD2026090313,c_5161,BD_A,1001001,Marina Bay Sands,Singapore,Singapore,5,Global Chain,Deluxe Room,Standard,King,Breakfast,1,2026-09-25,2026-09-29,4,2924.42,2485.76,438.66,350.93,False,512,2026-08-01T20:00:00,2026-08-02T00:00:00,
ORD2026090314,c_5162,BD_A,1001002,The Fullerton Hotel Singapore,Singapore,Singapore,5,Global Chain,Deluxe Room,Standard,King,Breakfast,1,2026-09-19,2026-09-23,4,3532.15,3002.33,529.82,423.86,True,100,2026-08-01T17:00:00,2026-08-02T00:00:00,
ORD2026090315,c_5163,BD_A,1001005,Parkroyal Collection Marina Bay,Singapore,Singapore,4,Global Chain,Deluxe Room,Standard,King,Breakfast,1,2026-09-21,2026-09-23,2,4108.29,3492.05,616.24,492.99,False,596,2026-08-01T10:00:00,2026-08-02T00:00:00,CAMP_F1_SG_2026
ORD2026090316,c_5165,BD_A,1001005,Parkroyal Collection Marina Bay,Singapore,Singapore,4,Global Chain,Deluxe Room,Standard,King,Breakfast,1,2026-09-25,2026-09-29,4,4136.64,3516.14,620.5,496.4,False,612,2026-08-01T18:00:00,2026-08-02T00:00:00,CAMP_F1_SG_2026
ORD2026090317,c_5166,BD_A,1001004,Swissotel The Stamford,Singapore,Singapore,5,Global Chain,Deluxe Room,Standard,King,Breakfast,1,2026-09-21,2026-09-25,4,3992.88,3393.95,598.93,479.15,True,299,2026-08-01T22:00:00,2026-08-02T00:00:00,
ORD2026090318,c_5167,BD_A,1001004,Swissotel The Stamford,Singapore,Singapore,5,Global Chain,Deluxe Room,Standard,King,Breakfast,1,2026-09-17,2026-09-21,4,1790.15,1521.63,268.52,214.82,True,446,2026-08-01T02:00:00,2026-08-02T00:00:00,CAMP_F1_SG_2026
ORD2026090319,c_5168,BD_A,1001003,Pan Pacific Singapore,Singapore,Singapore,5,Global Chain,Deluxe Room,Standard,King,Breakfast,1,2026-09-22,2026-09-24,2,2870.25,2439.71,430.54,344.43,False,612,2026-08-01T11:00:00,2026-08-02T00:00:00,
ORD2026090320,c_5169,BD_A,1001005,Parkroyal Collection Marina Bay,Singapore,Singapore,4,Global Chain,Deluxe Room,Standard,King,Breakfast,1,2026-09-23,2026-09-26,3,4641.81,3945.54,696.27,557.02,True,311,2026-08-01T01:00:00,2026-08-02T00:00:00,CAMP_F1_SG_2026
ORD2026090321,c_5170,BD_A,1001002,The Fullerton Hotel Singapore,Singapore,Singapore,5,Global Chain,Deluxe Room,Standard,King,Breakfast,1,2026-09-19,2026-09-22,3,2680.87,2278.74,402.13,321.7,True,537,2026-08-01T01:00:00,2026-08-02T00:00:00,
ORD2026090322,c_5171,BD_A,1001003,Pan Pacific Singapore,Singapore,Singapore,5,Global Chain,Deluxe Room,Standard,King,Breakfast,1,2026-09-20,2026-09-22,2,2395.61,2036.27,359.34,287.47,True,222,2026-08-01T05:00:00,2026-08-02T00:00:00,
ORD2026090323,c_5172,BD_A,1001002,The Fullerton Hotel Singapore,Singapore,Singapore,5,Global Chain,Deluxe Room,Standard,King,Breakfast,1,2026-09-22,2026-09-25,3,1524.5,1295.83,228.67,182.94,False,161,2026-08-01T13:00:00,2026-08-02T00:00:00,
ORD2026090324,c_5173,BD_A,1001003,Pan Pacific Singapore,Singapore,Singapore,5,Global Chain,Deluxe Room,Standard,King,Breakfast,1,2026-09-16,2026-09-19,3,1382.05,1174.74,207.31,165.85,False,411,2026-08-01T04:00:00,2026-08-02T00:00:00,CAMP_F1_SG_2026
ORD2026090325,c_5175,BD_A,1001003,Pan Pacific Singapore,Singapore,Singapore,5,Global Chain,Deluxe Room,Standard,King,Breakfast,1,2026-09-24,2026-09-26,2,1396.49,1187.02,209.47,167.58,False,308,2026-08-01T17:00:00,2026-08-02T00:00:00,CAMP_F1_SG_2026
ORD2026090326,c_5177,BD_A,1001003,Pan Pacific Singapore,Singapore,Singapore,5,Global Chain,Deluxe Room,Standard,King,Breakfast,1,2026-09-15,2026-09-17,2,1709.39,1452.98,256.41,205.13,False,304,2026-08-01T23:00:00,2026-08-02T00:00:00,
ORD2026090327,c_5178,BD_A,1001001,Marina Bay Sands,Singapore,Singapore,5,Global Chain,Deluxe Room,Standard,King,Breakfast,1,2026-09-18,2026-09-22,4,3401.64,2891.39,510.25,408.2,True,437,2026-08-01T04:00:00,2026-08-02T00:00:00,
ORD2026090328,c_5179,BD_A,1001005,Parkroyal Collection Marina Bay,Singapore,Singapore,4,Global Chain,Deluxe Room,Standard,King,Breakfast,1,2026-09-18,2026-09-22,4,2619.75,2226.79,392.96,314.37,True,544,2026-08-01T15:00:00,2026-08-02T00:00:00,
ORD2026090329,c_5180,BD_A,1001002,The Fullerton Hotel Singapore,Singapore,Singapore,5,Global Chain,Deluxe Room,Standard,King,Breakfast,1,2026-09-20,2026-09-23,3,4394.85,3735.62,659.23,527.38,False,84,2026-08-01T12:00:00,2026-08-02T00:00:00,CAMP_F1_SG_2026
ORD2026090330,c_5181,BD_A,1001001,Marina Bay Sands,Singapore,Singapore,5,Global Chain,Deluxe Room,Standard,King,Breakfast,1,2026-09-17,2026-09-20,3,2051.12,1743.45,307.67,246.13,True,130,2026-08-01T00:00:00,2026-08-02T00:00:00,
ORD2026090331,c_5182,BD_A,1001005,Parkroyal Collection Marina Bay,Singapore,Singapore,4,Global Chain,Deluxe Room,Standard,King,Breakfast,1,2026-09-17,2026-09-20,3,1859.76,1580.8,278.96,223.17,False,390,2026-08-01T16:00:00,2026-08-02T00:00:00,CAMP_F1_SG_2026
ORD2026090332,c_5183,BD_A,1001004,Swissotel The Stamford,Singapore,Singapore,5,Global Chain,Deluxe Room,Standard,King,Breakfast,1,2026-09-25,2026-09-27,2,1299.26,1104.37,194.89,155.91,True,316,2026-08-01T10:00:00,2026-08-02T00:00:00,
ORD2026090333,c_5184,BD_A,1001002,The Fullerton Hotel Singapore,Singapore,Singapore,5,Global Chain,Deluxe Room,Standard,King,Breakfast,1,2026-09-25,2026-09-28,3,682.84,580.41,102.43,81.94,True,573,2026-08-01T06:00:00,2026-08-02T00:00:00,CAMP_F1_SG_2026
ORD2026090334,c_5185,BD_A,1001003,Pan Pacific Singapore,Singapore,Singapore,5,Global Chain,Deluxe Room,Standard,King,Breakfast,1,2026-09-20,2026-09-24,4,2232.82,1897.9,334.92,267.94,False,623,2026-08-01T09:00:00,2026-08-02T00:00:00,CAMP_F1_SG_2026
ORD2026090335,c_5186,BD_A,1001004,Swissotel The Stamford,Singapore,Singapore,5,Global Chain,Deluxe Room,Standard,King,Breakfast,1,2026-09-20,2026-09-24,4,3344.98,2843.23,501.75,401.4,True,333,2026-08-01T06:00:00,2026-08-02T00:00:00,CAMP_F1_SG_2026
ORD2026090336,c_5187,BD_A,1001004,Swissotel The Stamford,Singapore,Singapore,5,Global Chain,Deluxe Room,Standard,King,Breakfast,1,2026-09-18,2026-09-22,4,2830.54,2405.96,424.58,339.66,False,85,2026-08-01T02:00:00,2026-08-02T00:00:00,CAMP_F1_SG_2026
ORD2026090337,c_5188,BD_A,1001001,Marina Bay Sands,Singapore,Singapore,5,Global Chain,Deluxe Room,Standard,King,Breakfast,1,2026-09-17,2026-09-20,3,647.13,550.06,97.07,77.66,False,429,2026-08-01T07:00:00,2026-08-02T00:00:00,
ORD2026090338,c_5190,BD_A,1001002,The Fullerton Hotel Singapore,Singapore,Singapore,5,Global Chain,Deluxe Room,Standard,King,Breakfast,1,2026-09-25,2026-09-27,2,1513.97,1286.87,227.1,181.68,False,448,2026-08-01T12:00:00,2026-08-02T00:00:00,
ORD2026090339,c_5191,BD_A,1001003,Pan Pacific Singapore,Singapore,Singapore,5,Global Chain,Deluxe Room,Standard,King,Breakfast,1,2026-09-20,2026-09-24,4,2259.15,1920.28,338.87,271.1,True,28,2026-08-01T07:00:00,2026-08-02T00:00:00,
ORD2026090340,c_5192,BD_A,1001005,Parkroyal Collection Marina Bay,Singapore,Singapore,4,Global Chain,Deluxe Room,Standard,King,Breakfast,1,2026-09-24,2026-09-28,4,4887.26,4154.17,733.09,586.47,True,608,2026-08-01T21:00:00,2026-08-02T00:00:00,
ORD2026090341,c_5193,BD_A,1001004,Swissotel The Stamford,Singapore,Singapore,5,Global Chain,Deluxe Room,Standard,King,Breakfast,1,2026-09-25,2026-09-29,4,773.46,657.44,116.02,92.82,True,296,2026-08-01T02:00:00,2026-08-02T00:00:00,
ORD2026090342,c_5194,BD_A,1001005,Parkroyal Collection Marina Bay,Singapore,Singapore,4,Global Chain,Deluxe Room,Standard,King,Breakfast,1,2026-09-16,2026-09-19,3,3663.83,3114.26,549.57,439.66,True,715,2026-08-01T17:00:00,2026-08-02T00:00:00,
ORD2026090343,c_5195,BD_A,1001002,The Fullerton Hotel Singapore,Singapore,Singapore,5,Global Chain,Deluxe Room,Standard,King,Breakfast,1,2026-09-21,2026-09-24,3,3103.55,2638.02,465.53,372.43,False,477,2026-08-01T22:00:00,2026-08-02T00:00:00,CAMP_F1_SG_2026
ORD2026090344,c_5196,BD_A,1001001,Marina Bay Sands,Singapore,Singapore,5,Global Chain,Deluxe Room,Standard,King,Breakfast,1,2026-09-25,2026-09-27,2,2972.04,2526.23,445.81,356.64,False,525,2026-08-01T10:00:00,2026-08-02T00:00:00,
ORD2026090345,c_5197,BD_A,1001003,Pan Pacific Singapore,Singapore,Singapore,5,Global Chain,Deluxe Room,Standard,King,Breakfast,1,2026-09-22,2026-09-25,3,2932.5,2492.62,439.88,351.9,False,122,2026-08-01T08:00:00,2026-08-02T00:00:00,
ORD2026090346,c_5198,BD_A,1001004,Swissotel The Stamford,Singapore,Singapore,5,Global Chain,Deluxe Room,Standard,King,Breakfast,1,2026-09-23,2026-09-27,4,1040.08,884.07,156.01,124.81,False,570,2026-08-01T10:00:00,2026-08-02T00:00:00,
ORD2026090347,c_5199,BD_A,1001005,Parkroyal Collection Marina Bay,Singapore,Singapore,4,Global Chain,Deluxe Room,Standard,King,Breakfast,1,2026-09-16,2026-09-18,2,1342.28,1140.94,201.34,161.07,False,171,2026-08-01T05:00:00,2026-08-02T00:00:00,CAMP_F1_SG_2026
ORD2026090348,c_5200,BD_A,1001002,The Fullerton Hotel Singapore,Singapore,Singapore,5,Global Chain,Deluxe Room,Standard,King,Breakfast,1,2026-09-21,2026-09-23,2,3302.72,2807.31,495.41,396.33,False,718,2026-08-01T14:00:00,2026-08-02T00:00:00,
ORD2026090349,c_5201,BD_A,1001002,The Fullerton Hotel Singapore,Singapore,Singapore,5,Global Chain,Deluxe Room,Standard,King,Breakfast,1,2026-09-19,2026-09-21,2,2870.03,2439.53,430.5,344.4,True,693,2026-08-01T20:00:00,2026-08-02T00:00:00,CAMP_F1_SG_2026
ORD2026090350,c_5202,BD_A,1001004,Swissotel The Stamford,Singapore,Singapore,5,Global Chain,Deluxe Room,Standard,King,Breakfast,1,2026-09-18,2026-09-21,3,4521.7,3843.44,678.25,542.6,True,656,2026-08-01T11:00:00,2026-08-02T00:00:00,
ORD2026090351,c_5203,BD_A,1001004,Swissotel The Stamford,Singapore,Singapore,5,Global Chain,Deluxe Room,Standard,King,Breakfast,1,2026-09-17,2026-09-21,4,4371.91,3716.12,655.79,524.63,False,213,2026-08-01T19:00:00,2026-08-02T00:00:00,CAMP_F1_SG_2026
ORD2026090352,c_5204,BD_A,1001001,Marina Bay Sands,Singapore,Singapore,5,Global Chain,Deluxe Room,Standard,King,Breakfast,1,2026-09-18,2026-09-22,4,1499.08,1274.22,224.86,179.89,True,37,2026-08-01T11:00:00,2026-08-02T00:00:00,
ORD2026090353,c_5205,BD_A,1001004,Swissotel The Stamford,Singapore,Singapore,5,Global Chain,Deluxe Room,Standard,King,Breakfast,1,2026-09-22,2026-09-26,4,2319.27,1971.38,347.89,278.31,True,522,2026-08-01T07:00:00,2026-08-02T00:00:00,
ORD2026090354,c_5207,BD_A,1001003,Pan Pacific Singapore,Singapore,Singapore,5,Global Chain,Deluxe Room,Standard,King,Breakfast,1,2026-09-19,2026-09-21,2,3279.48,2787.56,491.92,393.54,False,445,2026-08-01T23:00:00,2026-08-02T00:00:00,
ORD2026090355,c_5210,BD_A,1001005,Parkroyal Collection Marina Bay,Singapore,Singapore,4,Global Chain,Deluxe Room,Standard,King,Breakfast,1,2026-09-16,2026-09-19,3,1298.77,1103.95,194.82,155.85,True,505,2026-08-01T10:00:00,2026-08-02T00:00:00,
ORD2026090356,c_5211,BD_A,1001003,Pan Pacific Singapore,Singapore,Singapore,5,Global Chain,Deluxe Room,Standard,King,Breakfast,1,2026-09-24,2026-09-28,4,1484.86,1262.13,222.73,178.18,True,348,2026-08-01T09:00:00,2026-08-02T00:00:00,CAMP_F1_SG_2026
ORD2026090357,c_5214,BD_A,1001004,Swissotel The Stamford,Singapore,Singapore,5,Global Chain,Deluxe Room,Standard,King,Breakfast,1,2026-09-23,2026-09-25,2,4536.4,3855.94,680.46,544.37,True,599,2026-08-01T03:00:00,2026-08-02T00:00:00,
ORD2026090358,c_5216,BD_A,1001004,Swissotel The Stamford,Singapore,Singapore,5,Global Chain,Deluxe Room,Standard,King,Breakfast,1,2026-09-19,2026-09-21,2,2326.07,1977.16,348.91,279.13,False,529,2026-08-01T13:00:00,2026-08-02T00:00:00,
ORD2026090359,c_5217,BD_A,1001002,The Fullerton Hotel Singapore,Singapore,Singapore,5,Global Chain,Deluxe Room,Standard,King,Breakfast,1,2026-09-15,2026-09-19,4,1470.67,1250.07,220.6,176.48,False,458,2026-08-01T23:00:00,2026-08-02T00:00:00,
ORD2026090360,c_5218,BD_A,1001001,Marina Bay Sands,Singapore,Singapore,5,Global Chain,Deluxe Room,Standard,King,Breakfast,1,2026-09-17,2026-09-21,4,3475.41,2954.1,521.31,417.05,True,384,2026-08-01T00:00:00,2026-08-02T00:00:00,CAMP_F1_SG_2026
ORD2026090361,c_5219,BD_A,1001005,Parkroyal Collection Marina Bay,Singapore,Singapore,4,Global Chain,Deluxe Room,Standard,King,Breakfast,1,2026-09-23,2026-09-26,3,3981.06,3383.9,597.16,477.73,True,464,2026-08-01T14:00:00,2026-08-02T00:00:00,CAMP_F1_SG_2026
ORD2026090362,c_5220,BD_A,1001004,Swissotel The Stamford,Singapore,Singapore,5,Global Chain,Deluxe Room,Standard,King,Breakfast,1,2026-09-24,2026-09-26,2,4087.42,3474.31,613.11,490.49,True,353,2026-08-01T03:00:00,2026-08-02T00:00:00,
ORD2026090363,c_5221,BD_A,1001002,The Fullerton Hotel Singapore,Singapore,Singapore,5,Global Chain,Deluxe Room,Standard,King,Breakfast,1,2026-09-20,2026-09-23,3,3315.37,2818.06,497.31,397.84,True,673,2026-08-01T06:00:00,2026-08-02T00:00:00,CAMP_F1_SG_2026
ORD2026090364,c_5222,BD_A,1001004,Swissotel The Stamford,Singapore,Singapore,5,Global Chain,Deluxe Room,Standard,King,Breakfast,1,2026-09-17,2026-09-20,3,4689.22,3985.84,703.38,562.71,True,53,2026-08-01T02:00:00,2026-08-02T00:00:00,
ORD2026090365,c_5223,BD_A,1001001,Marina Bay Sands,Singapore,Singapore,5,Global Chain,Deluxe Room,Standard,King,Breakfast,1,2026-09-23,2026-09-26,3,2409.44,2048.02,361.42,289.13,False,575,2026-08-01T04:00:00,2026-08-02T00:00:00,
ORD2026090366,c_5224,BD_A,1001001,Marina Bay Sands,Singapore,Singapore,5,Global Chain,Deluxe Room,Standard,King,Breakfast,1,2026-09-17,2026-09-21,4,4047.29,3440.2,607.09,485.67,True,527,2026-08-01T00:00:00,2026-08-02T00:00:00,CAMP_F1_SG_2026
ORD2026090367,c_5226,BD_A,1001001,Marina Bay Sands,Singapore,Singapore,5,Global Chain,Deluxe Room,Standard,King,Breakfast,1,2026-09-20,2026-09-24,4,4981.34,4234.14,747.2,597.76,False,281,2026-08-01T09:00:00,2026-08-02T00:00:00,
ORD2026090368,c_5231,BD_A,1001001,Marina Bay Sands,Singapore,Singapore,5,Global Chain,Deluxe Room,Standard,King,Breakfast,1,2026-09-22,2026-09-25,3,2115.52,1798.19,317.33,253.86,True,384,2026-08-01T18:00:00,2026-08-02T00:00:00,
ORD2026090369,c_5233,BD_A,1001001,Marina Bay Sands,Singapore,Singapore,5,Global Chain,Deluxe Room,Standard,King,Breakfast,1,2026-09-25,2026-09-28,3,4603.44,3912.92,690.52,552.41,True,593,2026-08-01T00:00:00,2026-08-02T00:00:00,CAMP_F1_SG_2026
ORD2026090370,c_5234,BD_A,1001002,The Fullerton Hotel Singapore,Singapore,Singapore,5,Global Chain,Deluxe Room,Standard,King,Breakfast,1,2026-09-20,2026-09-23,3,2475.42,2104.11,371.31,297.05,False,523,2026-08-01T11:00:00,2026-08-02T00:00:00,
ORD2026090371,c_5235,BD_A,1001003,Pan Pacific Singapore,Singapore,Singapore,5,Global Chain,Deluxe Room,Standard,King,Breakfast,1,2026-09-17,2026-09-21,4,4966.78,4221.76,745.02,596.01,False,236,2026-08-01T11:00:00,2026-08-02T00:00:00,CAMP_F1_SG_2026
ORD2026090372,c_5237,BD_A,1001005,Parkroyal Collection Marina Bay,Singapore,Singapore,4,Global Chain,Deluxe Room,Standard,King,Breakfast,1,2026-09-16,2026-09-20,4,2314.12,1967.0,347.12,277.69,True,269,2026-08-01T01:00:00,2026-08-02T00:00:00,
ORD2026090373,c_5241,BD_A,1001003,Pan Pacific Singapore,Singapore,Singapore,5,Global Chain,Deluxe Room,Standard,King,Breakfast,1,2026-09-17,2026-09-20,3,2803.17,2382.69,420.48,336.38,False,307,2026-08-01T02:00:00,2026-08-02T00:00:00,CAMP_F1_SG_2026
ORD2026090374,c_5242,BD_A,1001002,The Fullerton Hotel Singapore,Singapore,Singapore,5,Global Chain,Deluxe Room,Standard,King,Breakfast,1,2026-09-17,2026-09-21,4,2483.32,2110.82,372.5,298.0,False,222,2026-08-01T08:00:00,2026-08-02T00:00:00,CAMP_F1_SG_2026
ORD2026090375,c_5244,BD_A,1001005,Parkroyal Collection Marina Bay,Singapore,Singapore,4,Global Chain,Deluxe Room,Standard,King,Breakfast,1,2026-09-22,2026-09-24,2,4424.33,3760.68,663.65,530.92,False,171,2026-08-01T00:00:00,2026-08-02T00:00:00,CAMP_F1_SG_2026
ORD2026090376,c_5245,BD_A,1001002,The Fullerton Hotel Singapore,Singapore,Singapore,5,Global Chain,Deluxe Room,Standard,King,Breakfast,1,2026-09-20,2026-09-22,2,1676.83,1425.31,251.52,201.22,True,49,2026-08-01T19:00:00,2026-08-02T00:00:00,CAMP_F1_SG_2026
ORD2026090377,c_5246,BD_A,1001002,The Fullerton Hotel Singapore,Singapore,Singapore,5,Global Chain,Deluxe Room,Standard,King,Breakfast,1,2026-09-19,2026-09-21,2,1018.74,865.93,152.81,122.25,False,52,2026-08-01T04:00:00,2026-08-02T00:00:00,
ORD2026090378,c_5249,BD_A,1001004,Swissotel The Stamford,Singapore,Singapore,5,Global Chain,Deluxe Room,Standard,King,Breakfast,1,2026-09-18,2026-09-20,2,3580.24,3043.2,537.04,429.63,True,410,2026-08-01T19:00:00,2026-08-02T00:00:00,CAMP_F1_SG_2026
ORD2026090379,c_5250,BD_A,1001005,Parkroyal Collection Marina Bay,Singapore,Singapore,4,Global Chain,Deluxe Room,Standard,King,Breakfast,1,2026-09-22,2026-09-26,4,4066.03,3456.13,609.9,487.92,False,509,2026-08-01T15:00:00,2026-08-02T00:00:00,CAMP_F1_SG_2026
ORD2026090380,c_5254,BD_A,1001003,Pan Pacific Singapore,Singapore,Singapore,5,Global Chain,Deluxe Room,Standard,King,Breakfast,1,2026-09-18,2026-09-22,4,4120.46,3502.39,618.07,494.46,False,579,2026-08-01T14:00:00,2026-08-02T00:00:00,
ORD2026090381,c_5255,BD_A,1001002,The Fullerton Hotel Singapore,Singapore,Singapore,5,Global Chain,Deluxe Room,Standard,King,Breakfast,1,2026-09-25,2026-09-28,3,506.21,430.28,75.93,60.75,False,506,2026-08-01T06:00:00,2026-08-02T00:00:00,
ORD2026090382,c_5256,BD_A,1001003,Pan Pacific Singapore,Singapore,Singapore,5,Global Chain,Deluxe Room,Standard,King,Breakfast,1,2026-09-15,2026-09-17,2,1553.67,1320.62,233.05,186.44,True,80,2026-08-01T06:00:00,2026-08-02T00:00:00,CAMP_F1_SG_2026
ORD2026090383,c_5257,BD_A,1001002,The Fullerton Hotel Singapore,Singapore,Singapore,5,Global Chain,Deluxe Room,Standard,King,Breakfast,1,2026-09-20,2026-09-23,3,2504.69,2128.99,375.7,300.56,False,633,2026-08-01T20:00:00,2026-08-02T00:00:00,CAMP_F1_SG_2026
ORD2026090384,c_5258,BD_A,1001002,The Fullerton Hotel Singapore,Singapore,Singapore,5,Global Chain,Deluxe Room,Standard,King,Breakfast,1,2026-09-20,2026-09-23,3,4231.53,3596.8,634.73,507.78,False,240,2026-08-01T00:00:00,2026-08-02T00:00:00,CAMP_F1_SG_2026
ORD2026090385,c_5259,BD_A,1001004,Swissotel The Stamford,Singapore,Singapore,5,Global Chain,Deluxe Room,Standard,King,Breakfast,1,2026-09-23,2026-09-25,2,2081.93,1769.64,312.29,249.83,False,404,2026-08-01T05:00:00,2026-08-02T00:00:00,
ORD2026090386,c_5261,BD_A,1001001,Marina Bay Sands,Singapore,Singapore,5,Global Chain,Deluxe Room,Standard,King,Breakfast,1,2026-09-23,2026-09-26,3,4414.75,3752.54,662.21,529.77,True,526,2026-08-01T03:00:00,2026-08-02T00:00:00,
ORD2026090387,c_5262,BD_A,1001004,Swissotel The Stamford,Singapore,Singapore,5,Global Chain,Deluxe Room,Standard,King,Breakfast,1,2026-09-25,2026-09-27,2,3283.76,2791.2,492.56,394.05,False,368,2026-08-01T15:00:00,2026-08-02T00:00:00,
ORD2026090388,c_5264,BD_A,1001002,The Fullerton Hotel Singapore,Singapore,Singapore,5,Global Chain,Deluxe Room,Standard,King,Breakfast,1,2026-09-20,2026-09-22,2,2479.84,2107.86,371.98,297.58,False,237,2026-08-01T08:00:00,2026-08-02T00:00:00,CAMP_F1_SG_2026
ORD2026090389,c_5265,BD_A,1001001,Marina Bay Sands,Singapore,Singapore,5,Global Chain,Deluxe Room,Standard,King,Breakfast,1,2026-09-22,2026-09-24,2,3847.6,3270.46,577.14,461.71,False,82,2026-08-01T23:00:00,2026-08-02T00:00:00,CAMP_F1_SG_2026
ORD2026090390,c_5267,BD_A,1001004,Swissotel The Stamford,Singapore,Singapore,5,Global Chain,Deluxe Room,Standard,King,Breakfast,1,2026-09-22,2026-09-25,3,3435.48,2920.16,515.32,412.26,True,518,2026-08-01T00:00:00,2026-08-02T00:00:00,CAMP_F1_SG_2026
ORD2026090391,c_5269,BD_A,1001003,Pan Pacific Singapore,Singapore,Singapore,5,Global Chain,Deluxe Room,Standard,King,Breakfast,1,2026-09-20,2026-09-22,2,4348.86,3696.53,652.33,521.86,True,274,2026-08-01T02:00:00,2026-08-02T00:00:00,CAMP_F1_SG_2026
ORD2026090392,c_5271,BD_A,1001004,Swissotel The Stamford,Singapore,Singapore,5,Global Chain,Deluxe Room,Standard,King,Breakfast,1,2026-09-16,2026-09-19,3,1623.18,1379.7,243.48,194.78,True,198,2026-08-01T05:00:00,2026-08-02T00:00:00,CAMP_F1_SG_2026
ORD2026090393,c_5272,BD_A,1001004,Swissotel The Stamford,Singapore,Singapore,5,Global Chain,Deluxe Room,Standard,King,Breakfast,1,2026-09-20,2026-09-22,2,4448.94,3781.6,667.34,533.87,True,381,2026-08-01T12:00:00,2026-08-02T00:00:00,
ORD2026090394,c_5273,BD_A,1001003,Pan Pacific Singapore,Singapore,Singapore,5,Global Chain,Deluxe Room,Standard,King,Breakfast,1,2026-09-18,2026-09-22,4,3256.92,2768.38,488.54,390.83,True,504,2026-08-01T22:00:00,2026-08-02T00:00:00,
ORD2026090395,c_5275,BD_A,1001001,Marina Bay Sands,Singapore,Singapore,5,Global Chain,Deluxe Room,Standard,King,Breakfast,1,2026-09-21,2026-09-25,4,4887.46,4154.34,733.12,586.5,True,610,2026-08-01T01:00:00,2026-08-02T00:00:00,
ORD2026090396,c_5279,BD_A,1001004,Swissotel The Stamford,Singapore,Singapore,5,Global Chain,Deluxe Room,Standard,King,Breakfast,1,2026-09-20,2026-09-24,4,958.85,815.02,143.83,115.06,False,538,2026-08-01T12:00:00,2026-08-02T00:00:00,
ORD2026090397,c_5281,BD_A,1001003,Pan Pacific Singapore,Singapore,Singapore,5,Global Chain,Deluxe Room,Standard,King,Breakfast,1,2026-09-22,2026-09-24,2,979.03,832.18,146.85,117.48,False,268,2026-08-01T00:00:00,2026-08-02T00:00:00,CAMP_F1_SG_2026
ORD2026090398,c_5282,BD_A,1001003,Pan Pacific Singapore,Singapore,Singapore,5,Global Chain,Deluxe Room,Standard,King,Breakfast,1,2026-09-24,2026-09-28,4,2106.86,1790.83,316.03,252.82,True,414,2026-08-01T14:00:00,2026-08-02T00:00:00,
ORD2026090399,c_5285,BD_A,1001004,Swissotel The Stamford,Singapore,Singapore,5,Global Chain,Deluxe Room,Standard,King,Breakfast,1,2026-09-18,2026-09-22,4,2415.25,2052.96,362.29,289.83,True,524,2026-08-01T09:00:00,2026-08-02T00:00:00,
ORD2026090400,c_5000,BD_A,1001002,The Fullerton Hotel Singapore,Singapore,Singapore,5,Global Chain,Deluxe Room,Standard,King,Breakfast,1,2026-09-24,2026-09-28,4,2478.38,2106.62,371.76,297.41,True,264,2026-08-01T18:00:00,2026-08-02T00:00:00,CAMP_F1_SG_2026
ORD2026090401,c_5002,BD_A,1001002,The Fullerton Hotel Singapore,Singapore,Singapore,5,Global Chain,Deluxe Room,Standard,King,Breakfast,1,2026-09-22,2026-09-25,3,3773.79,3207.72,566.07,452.85,False,472,2026-08-01T17:00:00,2026-08-02T00:00:00,
ORD2026090402,c_5003,BD_A,1001005,Parkroyal Collection Marina Bay,Singapore,Singapore,4,Global Chain,Deluxe Room,Standard,King,Breakfast,1,2026-09-22,2026-09-25,3,4026.41,3422.45,603.96,483.17,True,516,2026-08-01T16:00:00,2026-08-02T00:00:00,CAMP_F1_SG_2026
ORD2026090403,c_5004,BD_A,1001005,Parkroyal Collection Marina Bay,Singapore,Singapore,4,Global Chain,Deluxe Room,Standard,King,Breakfast,1,2026-09-20,2026-09-24,4,1323.47,1124.95,198.52,158.82,True,432,2026-08-01T17:00:00,2026-08-02T00:00:00,
ORD2026090404,c_5005,BD_A,1001003,Pan Pacific Singapore,Singapore,Singapore,5,Global Chain,Deluxe Room,Standard,King,Breakfast,1,2026-09-25,2026-09-28,3,4015.38,3413.07,602.31,481.85,False,453,2026-08-01T15:00:00,2026-08-02T00:00:00,CAMP_F1_SG_2026
ORD2026090405,c_5006,BD_A,1001002,The Fullerton Hotel Singapore,Singapore,Singapore,5,Global Chain,Deluxe Room,Standard,King,Breakfast,1,2026-09-15,2026-09-19,4,719.06,611.2,107.86,86.29,True,572,2026-08-01T12:00:00,2026-08-02T00:00:00,CAMP_F1_SG_2026
ORD2026090406,c_5007,BD_A,1001003,Pan Pacific Singapore,Singapore,Singapore,5,Global Chain,Deluxe Room,Standard,King,Breakfast,1,2026-09-17,2026-09-20,3,1916.67,1629.17,287.5,230.0,True,96,2026-08-01T18:00:00,2026-08-02T00:00:00,
ORD2026090407,c_5008,BD_A,1001005,Parkroyal Collection Marina Bay,Singapore,Singapore,4,Global Chain,Deluxe Room,Standard,King,Breakfast,1,2026-09-15,2026-09-19,4,4564.88,3880.15,684.73,547.79,True,247,2026-08-01T19:00:00,2026-08-02T00:00:00,CAMP_F1_SG_2026
ORD2026090408,c_5009,BD_A,1001001,Marina Bay Sands,Singapore,Singapore,5,Global Chain,Deluxe Room,Standard,King,Breakfast,1,2026-09-21,2026-09-24,3,1355.38,1152.07,203.31,162.65,False,590,2026-08-01T20:00:00,2026-08-02T00:00:00,CAMP_F1_SG_2026
ORD2026090409,c_5011,BD_A,1001003,Pan Pacific Singapore,Singapore,Singapore,5,Global Chain,Deluxe Room,Standard,King,Breakfast,1,2026-09-15,2026-09-17,2,1312.14,1115.32,196.82,157.46,True,62,2026-08-01T11:00:00,2026-08-02T00:00:00,
ORD2026090410,c_5012,BD_A,1001003,Pan Pacific Singapore,Singapore,Singapore,5,Global Chain,Deluxe Room,Standard,King,Breakfast,1,2026-09-18,2026-09-20,2,1180.29,1003.25,177.04,141.63,True,417,2026-08-01T11:00:00,2026-08-02T00:00:00,CAMP_F1_SG_2026
ORD2026090411,c_5013,BD_A,1001004,Swissotel The Stamford,Singapore,Singapore,5,Global Chain,Deluxe Room,Standard,King,Breakfast,1,2026-09-24,2026-09-28,4,2409.58,2048.14,361.44,289.15,True,644,2026-08-01T10:00:00,2026-08-02T00:00:00,CAMP_F1_SG_2026
ORD2026090412,c_5015,BD_A,1001001,Marina Bay Sands,Singapore,Singapore,5,Global Chain,Deluxe Room,Standard,King,Breakfast,1,2026-09-17,2026-09-20,3,4943.5,4201.97,741.52,593.22,False,668,2026-08-01T08:00:00,2026-08-02T00:00:00,CAMP_F1_SG_2026
ORD2026090413,c_5018,BD_A,1001001,Marina Bay Sands,Singapore,Singapore,5,Global Chain,Deluxe Room,Standard,King,Breakfast,1,2026-09-16,2026-09-20,4,2458.0,2089.3,368.7,294.96,False,141,2026-08-01T13:00:00,2026-08-02T00:00:00,CAMP_F1_SG_2026
ORD2026090414,c_5020,BD_A,1001002,The Fullerton Hotel Singapore,Singapore,Singapore,5,Global Chain,Deluxe Room,Standard,King,Breakfast,1,2026-09-16,2026-09-20,4,4288.81,3645.49,643.32,514.66,True,374,2026-08-01T16:00:00,2026-08-02T00:00:00,
ORD2026090415,c_5021,BD_A,1001001,Marina Bay Sands,Singapore,Singapore,5,Global Chain,Deluxe Room,Standard,King,Breakfast,1,2026-09-25,2026-09-28,3,538.38,457.62,80.76,64.61,False,706,2026-08-01T23:00:00,2026-08-02T00:00:00,
ORD2026090416,c_5024,BD_A,1001005,Parkroyal Collection Marina Bay,Singapore,Singapore,4,Global Chain,Deluxe Room,Standard,King,Breakfast,1,2026-09-15,2026-09-17,2,4608.21,3916.98,691.23,552.99,False,490,2026-08-01T18:00:00,2026-08-02T00:00:00,CAMP_F1_SG_2026
ORD2026090417,c_5025,BD_A,1001003,Pan Pacific Singapore,Singapore,Singapore,5,Global Chain,Deluxe Room,Standard,King,Breakfast,1,2026-09-21,2026-09-23,2,1453.7,1235.64,218.06,174.44,False,559,2026-08-01T06:00:00,2026-08-02T00:00:00,CAMP_F1_SG_2026
ORD2026090418,c_5027,BD_A,1001005,Parkroyal Collection Marina Bay,Singapore,Singapore,4,Global Chain,Deluxe Room,Standard,King,Breakfast,1,2026-09-24,2026-09-26,2,2062.6,1753.21,309.39,247.51,True,228,2026-08-01T11:00:00,2026-08-02T00:00:00,CAMP_F1_SG_2026
ORD2026090419,c_5029,BD_A,1001002,The Fullerton Hotel Singapore,Singapore,Singapore,5,Global Chain,Deluxe Room,Standard,King,Breakfast,1,2026-09-24,2026-09-28,4,3550.45,3017.88,532.57,426.05,True,489,2026-08-01T17:00:00,2026-08-02T00:00:00,CAMP_F1_SG_2026
ORD2026090420,c_5030,BD_A,1001004,Swissotel The Stamford,Singapore,Singapore,5,Global Chain,Deluxe Room,Standard,King,Breakfast,1,2026-09-18,2026-09-22,4,4252.93,3614.99,637.94,510.35,False,585,2026-08-01T05:00:00,2026-08-02T00:00:00,
ORD2026090421,c_5031,BD_A,1001002,The Fullerton Hotel Singapore,Singapore,Singapore,5,Global Chain,Deluxe Room,Standard,King,Breakfast,1,2026-09-20,2026-09-22,2,2827.37,2403.26,424.11,339.28,False,307,2026-08-01T07:00:00,2026-08-02T00:00:00,
ORD2026090422,c_5032,BD_A,1001001,Marina Bay Sands,Singapore,Singapore,5,Global Chain,Deluxe Room,Standard,King,Breakfast,1,2026-09-24,2026-09-27,3,1276.32,1084.87,191.45,153.16,False,146,2026-08-01T00:00:00,2026-08-02T00:00:00,CAMP_F1_SG_2026
ORD2026090423,c_5033,BD_A,1001005,Parkroyal Collection Marina Bay,Singapore,Singapore,4,Global Chain,Deluxe Room,Standard,King,Breakfast,1,2026-09-18,2026-09-22,4,4733.39,4023.38,710.01,568.01,True,618,2026-08-01T08:00:00,2026-08-02T00:00:00,CAMP_F1_SG_2026
ORD2026090424,c_5034,BD_A,1001003,Pan Pacific Singapore,Singapore,Singapore,5,Global Chain,Deluxe Room,Standard,King,Breakfast,1,2026-09-15,2026-09-18,3,1689.12,1435.75,253.37,202.69,False,188,2026-08-01T18:00:00,2026-08-02T00:00:00,CAMP_F1_SG_2026
ORD2026090425,c_5036,BD_A,1001004,Swissotel The Stamford,Singapore,Singapore,5,Global Chain,Deluxe Room,Standard,King,Breakfast,1,2026-09-24,2026-09-28,4,1719.44,1461.52,257.92,206.33,False,396,2026-08-01T07:00:00,2026-08-02T00:00:00,CAMP_F1_SG_2026
ORD2026090426,c_5038,BD_A,1001002,The Fullerton Hotel Singapore,Singapore,Singapore,5,Global Chain,Deluxe Room,Standard,King,Breakfast,1,2026-09-25,2026-09-27,2,2448.56,2081.28,367.28,293.83,False,275,2026-08-01T07:00:00,2026-08-02T00:00:00,
ORD2026090427,c_5040,BD_A,1001003,Pan Pacific Singapore,Singapore,Singapore,5,Global Chain,Deluxe Room,Standard,King,Breakfast,1,2026-09-17,2026-09-21,4,4663.34,3963.84,699.5,559.6,False,90,2026-08-01T08:00:00,2026-08-02T00:00:00,CAMP_F1_SG_2026
ORD2026090428,c_5041,BD_A,1001004,Swissotel The Stamford,Singapore,Singapore,5,Global Chain,Deluxe Room,Standard,King,Breakfast,1,2026-09-21,2026-09-24,3,1747.19,1485.11,262.08,209.66,False,375,2026-08-01T18:00:00,2026-08-02T00:00:00,
ORD2026090429,c_5043,BD_A,1001002,The Fullerton Hotel Singapore,Singapore,Singapore,5,Global Chain,Deluxe Room,Standard,King,Breakfast,1,2026-09-25,2026-09-28,3,2571.31,2185.61,385.7,308.56,False,682,2026-08-01T02:00:00,2026-08-02T00:00:00,CAMP_F1_SG_2026
ORD2026090430,c_5047,BD_A,1001002,The Fullerton Hotel Singapore,Singapore,Singapore,5,Global Chain,Deluxe Room,Standard,King,Breakfast,1,2026-09-24,2026-09-27,3,3629.81,3085.34,544.47,435.58,True,153,2026-08-01T21:00:00,2026-08-02T00:00:00,CAMP_F1_SG_2026
ORD2026090431,c_5049,BD_A,1001001,Marina Bay Sands,Singapore,Singapore,5,Global Chain,Deluxe Room,Standard,King,Breakfast,1,2026-09-19,2026-09-22,3,3047.28,2590.19,457.09,365.67,False,30,2026-08-01T09:00:00,2026-08-02T00:00:00,
ORD2026090432,c_5052,BD_A,1001001,Marina Bay Sands,Singapore,Singapore,5,Global Chain,Deluxe Room,Standard,King,Breakfast,1,2026-09-15,2026-09-18,3,799.42,679.51,119.91,95.93,True,238,2026-08-01T00:00:00,2026-08-02T00:00:00,
ORD2026090433,c_5053,BD_A,1001003,Pan Pacific Singapore,Singapore,Singapore,5,Global Chain,Deluxe Room,Standard,King,Breakfast,1,2026-09-17,2026-09-21,4,1659.38,1410.47,248.91,199.13,False,683,2026-08-01T22:00:00,2026-08-02T00:00:00,
ORD2026090434,c_5054,BD_A,1001004,Swissotel The Stamford,Singapore,Singapore,5,Global Chain,Deluxe Room,Standard,King,Breakfast,1,2026-09-21,2026-09-25,4,3057.74,2599.08,458.66,366.93,False,507,2026-08-01T20:00:00,2026-08-02T00:00:00,
ORD2026090435,c_5055,BD_A,1001002,The Fullerton Hotel Singapore,Singapore,Singapore,5,Global Chain,Deluxe Room,Standard,King,Breakfast,1,2026-09-25,2026-09-29,4,2686.93,2283.89,403.04,322.43,True,75,2026-08-01T12:00:00,2026-08-02T00:00:00,
ORD2026090436,c_5056,BD_A,1001004,Swissotel The Stamford,Singapore,Singapore,5,Global Chain,Deluxe Room,Standard,King,Breakfast,1,2026-09-21,2026-09-23,2,1819.51,1546.58,272.93,218.34,True,439,2026-08-01T20:00:00,2026-08-02T00:00:00,
ORD2026090437,c_5057,BD_A,1001002,The Fullerton Hotel Singapore,Singapore,Singapore,5,Global Chain,Deluxe Room,Standard,King,Breakfast,1,2026-09-15,2026-09-17,2,2279.75,1937.79,341.96,273.57,False,521,2026-08-01T21:00:00,2026-08-02T00:00:00,CAMP_F1_SG_2026
ORD2026090438,c_5059,BD_A,1001003,Pan Pacific Singapore,Singapore,Singapore,5,Global Chain,Deluxe Room,Standard,King,Breakfast,1,2026-09-17,2026-09-21,4,2428.48,2064.21,364.27,291.42,True,306,2026-08-01T18:00:00,2026-08-02T00:00:00,
ORD2026090439,c_5060,BD_A,1001001,Marina Bay Sands,Singapore,Singapore,5,Global Chain,Deluxe Room,Standard,King,Breakfast,1,2026-09-17,2026-09-21,4,753.72,640.66,113.06,90.45,False,670,2026-08-01T21:00:00,2026-08-02T00:00:00,
ORD2026090440,c_5061,BD_A,1001003,Pan Pacific Singapore,Singapore,Singapore,5,Global Chain,Deluxe Room,Standard,King,Breakfast,1,2026-09-16,2026-09-19,3,3720.49,3162.42,558.07,446.46,False,179,2026-08-01T13:00:00,2026-08-02T00:00:00,
ORD2026090441,c_5064,BD_A,1001001,Marina Bay Sands,Singapore,Singapore,5,Global Chain,Deluxe Room,Standard,King,Breakfast,1,2026-09-21,2026-09-25,4,4128.08,3508.87,619.21,495.37,False,329,2026-08-01T05:00:00,2026-08-02T00:00:00,
ORD2026090442,c_5065,BD_A,1001002,The Fullerton Hotel Singapore,Singapore,Singapore,5,Global Chain,Deluxe Room,Standard,King,Breakfast,1,2026-09-17,2026-09-21,4,2769.58,2354.14,415.44,332.35,True,466,2026-08-01T13:00:00,2026-08-02T00:00:00,CAMP_F1_SG_2026
ORD2026090443,c_5067,BD_A,1001003,Pan Pacific Singapore,Singapore,Singapore,5,Global Chain,Deluxe Room,Standard,King,Breakfast,1,2026-09-15,2026-09-19,4,1856.37,1577.91,278.46,222.76,True,442,2026-08-01T01:00:00,2026-08-02T00:00:00,
ORD2026090444,c_5068,BD_A,1001002,The Fullerton Hotel Singapore,Singapore,Singapore,5,Global Chain,Deluxe Room,Standard,King,Breakfast,1,2026-09-19,2026-09-22,3,4047.06,3440.0,607.06,485.65,False,685,2026-08-01T15:00:00,2026-08-02T00:00:00,CAMP_F1_SG_2026
ORD2026090445,c_5071,BD_A,1001001,Marina Bay Sands,Singapore,Singapore,5,Global Chain,Deluxe Room,Standard,King,Breakfast,1,2026-09-21,2026-09-24,3,1597.44,1357.82,239.62,191.69,False,221,2026-08-01T14:00:00,2026-08-02T00:00:00,
ORD2026090446,c_5072,BD_A,1001002,The Fullerton Hotel Singapore,Singapore,Singapore,5,Global Chain,Deluxe Room,Standard,King,Breakfast,1,2026-09-16,2026-09-18,2,2731.05,2321.39,409.66,327.73,False,685,2026-08-01T19:00:00,2026-08-02T00:00:00,
ORD2026090447,c_5073,BD_A,1001004,Swissotel The Stamford,Singapore,Singapore,5,Global Chain,Deluxe Room,Standard,King,Breakfast,1,2026-09-18,2026-09-22,4,666.89,566.86,100.03,80.03,True,341,2026-08-01T00:00:00,2026-08-02T00:00:00,CAMP_F1_SG_2026
ORD2026090448,c_5076,BD_A,1001004,Swissotel The Stamford,Singapore,Singapore,5,Global Chain,Deluxe Room,Standard,King,Breakfast,1,2026-09-20,2026-09-23,3,4312.83,3665.91,646.92,517.54,True,561,2026-08-01T11:00:00,2026-08-02T00:00:00,
ORD2026090449,c_5077,BD_A,1001003,Pan Pacific Singapore,Singapore,Singapore,5,Global Chain,Deluxe Room,Standard,King,Breakfast,1,2026-09-20,2026-09-24,4,2654.69,2256.49,398.2,318.56,True,570,2026-08-01T17:00:00,2026-08-02T00:00:00,
ORD2026090450,c_5078,BD_A,1001001,Marina Bay Sands,Singapore,Singapore,5,Global Chain,Deluxe Room,Standard,King,Breakfast,1,2026-09-19,2026-09-23,4,4538.98,3858.13,680.85,544.68,True,497,2026-08-01T20:00:00,2026-08-02T00:00:00,CAMP_F1_SG_2026
ORD2026090451,c_5079,BD_A,1001003,Pan Pacific Singapore,Singapore,Singapore,5,Global Chain,Deluxe Room,Standard,King,Breakfast,1,2026-09-22,2026-09-26,4,795.81,676.44,119.37,95.5,False,99,2026-08-01T00:00:00,2026-08-02T00:00:00,
ORD2026090452,c_5080,BD_A,1001004,Swissotel The Stamford,Singapore,Singapore,5,Global Chain,Deluxe Room,Standard,King,Breakfast,1,2026-09-25,2026-09-27,2,884.52,751.84,132.68,106.14,True,233,2026-08-01T02:00:00,2026-08-02T00:00:00,CAMP_F1_SG_2026
ORD2026090453,c_5081,BD_A,1001001,Marina Bay Sands,Singapore,Singapore,5,Global Chain,Deluxe Room,Standard,King,Breakfast,1,2026-09-23,2026-09-25,2,4813.26,4091.27,721.99,577.59,True,241,2026-08-01T23:00:00,2026-08-02T00:00:00,CAMP_F1_SG_2026
ORD2026090454,c_5083,BD_A,1001003,Pan Pacific Singapore,Singapore,Singapore,5,Global Chain,Deluxe Room,Standard,King,Breakfast,1,2026-09-17,2026-09-21,4,4585.52,3897.69,687.83,550.26,False,231,2026-08-01T16:00:00,2026-08-02T00:00:00,
ORD2026090455,c_5084,BD_A,1001002,The Fullerton Hotel Singapore,Singapore,Singapore,5,Global Chain,Deluxe Room,Standard,King,Breakfast,1,2026-09-16,2026-09-18,2,4202.55,3572.17,630.38,504.31,True,371,2026-08-01T07:00:00,2026-08-02T00:00:00,CAMP_F1_SG_2026
ORD2026090456,c_5085,BD_A,1001003,Pan Pacific Singapore,Singapore,Singapore,5,Global Chain,Deluxe Room,Standard,King,Breakfast,1,2026-09-25,2026-09-27,2,2577.47,2190.85,386.62,309.3,False,283,2026-08-01T12:00:00,2026-08-02T00:00:00,CAMP_F1_SG_2026
ORD2026090457,c_5087,BD_A,1001002,The Fullerton Hotel Singapore,Singapore,Singapore,5,Global Chain,Deluxe Room,Standard,King,Breakfast,1,2026-09-19,2026-09-22,3,2892.08,2458.27,433.81,347.05,True,629,2026-08-01T16:00:00,2026-08-02T00:00:00,CAMP_F1_SG_2026
ORD2026090458,c_5088,BD_A,1001004,Swissotel The Stamford,Singapore,Singapore,5,Global Chain,Deluxe Room,Standard,King,Breakfast,1,2026-09-24,2026-09-27,3,1392.11,1183.29,208.82,167.05,True,589,2026-08-01T11:00:00,2026-08-02T00:00:00,CAMP_F1_SG_2026
ORD2026090459,c_5089,BD_A,1001003,Pan Pacific Singapore,Singapore,Singapore,5,Global Chain,Deluxe Room,Standard,King,Breakfast,1,2026-09-18,2026-09-20,2,3858.33,3279.58,578.75,463.0,True,432,2026-08-01T02:00:00,2026-08-02T00:00:00,CAMP_F1_SG_2026
ORD2026090460,c_5090,BD_A,1001005,Parkroyal Collection Marina Bay,Singapore,Singapore,4,Global Chain,Deluxe Room,Standard,King,Breakfast,1,2026-09-22,2026-09-25,3,748.18,635.95,112.23,89.78,False,418,2026-08-01T09:00:00,2026-08-02T00:00:00,
ORD2026090461,c_5091,BD_A,1001005,Parkroyal Collection Marina Bay,Singapore,Singapore,4,Global Chain,Deluxe Room,Standard,King,Breakfast,1,2026-09-23,2026-09-27,4,1150.7,978.1,172.6,138.08,False,70,2026-08-01T07:00:00,2026-08-02T00:00:00,
ORD2026090462,c_5092,BD_A,1001002,The Fullerton Hotel Singapore,Singapore,Singapore,5,Global Chain,Deluxe Room,Standard,King,Breakfast,1,2026-09-16,2026-09-18,2,1718.46,1460.69,257.77,206.22,True,261,2026-08-01T17:00:00,2026-08-02T00:00:00,CAMP_F1_SG_2026
ORD2026090463,c_5093,BD_A,1001004,Swissotel The Stamford,Singapore,Singapore,5,Global Chain,Deluxe Room,Standard,King,Breakfast,1,2026-09-19,2026-09-21,2,2939.13,2498.26,440.87,352.7,False,135,2026-08-01T00:00:00,2026-08-02T00:00:00,
ORD2026090464,c_5094,BD_A,1001001,Marina Bay Sands,Singapore,Singapore,5,Global Chain,Deluxe Room,Standard,King,Breakfast,1,2026-09-18,2026-09-21,3,4084.29,3471.65,612.64,490.11,False,563,2026-08-01T01:00:00,2026-08-02T00:00:00,CAMP_F1_SG_2026
ORD2026090465,c_5095,BD_A,1001004,Swissotel The Stamford,Singapore,Singapore,5,Global Chain,Deluxe Room,Standard,King,Breakfast,1,2026-09-25,2026-09-27,2,1060.09,901.08,159.01,127.21,True,334,2026-08-01T11:00:00,2026-08-02T00:00:00,CAMP_F1_SG_2026
ORD2026090466,c_5096,BD_A,1001003,Pan Pacific Singapore,Singapore,Singapore,5,Global Chain,Deluxe Room,Standard,King,Breakfast,1,2026-09-22,2026-09-26,4,4691.94,3988.15,703.79,563.03,False,41,2026-08-01T10:00:00,2026-08-02T00:00:00,CAMP_F1_SG_2026
ORD2026090467,c_5097,BD_A,1001005,Parkroyal Collection Marina Bay,Singapore,Singapore,4,Global Chain,Deluxe Room,Standard,King,Breakfast,1,2026-09-21,2026-09-23,2,3667.57,3117.43,550.14,440.11,True,123,2026-08-01T05:00:00,2026-08-02T00:00:00,CAMP_F1_SG_2026
ORD2026090468,c_5098,BD_A,1001003,Pan Pacific Singapore,Singapore,Singapore,5,Global Chain,Deluxe Room,Standard,King,Breakfast,1,2026-09-23,2026-09-27,4,3776.02,3209.62,566.4,453.12,False,458,2026-08-01T10:00:00,2026-08-02T00:00:00,
ORD2026090469,c_5099,BD_A,1001002,The Fullerton Hotel Singapore,Singapore,Singapore,5,Global Chain,Deluxe Room,Standard,King,Breakfast,1,2026-09-17,2026-09-20,3,3159.1,2685.23,473.86,379.09,False,544,2026-08-01T14:00:00,2026-08-02T00:00:00,CAMP_F1_SG_2026
ORD2026090470,c_5102,BD_A,1001002,The Fullerton Hotel Singapore,Singapore,Singapore,5,Global Chain,Deluxe Room,Standard,King,Breakfast,1,2026-09-19,2026-09-22,3,868.33,738.08,130.25,104.2,False,229,2026-08-01T07:00:00,2026-08-02T00:00:00,CAMP_F1_SG_2026
ORD2026090471,c_5104,BD_A,1001003,Pan Pacific Singapore,Singapore,Singapore,5,Global Chain,Deluxe Room,Standard,King,Breakfast,1,2026-09-20,2026-09-24,4,1115.62,948.28,167.34,133.87,True,602,2026-08-01T15:00:00,2026-08-02T00:00:00,CAMP_F1_SG_2026
ORD2026090472,c_5105,BD_A,1001004,Swissotel The Stamford,Singapore,Singapore,5,Global Chain,Deluxe Room,Standard,King,Breakfast,1,2026-09-25,2026-09-27,2,3141.89,2670.61,471.28,377.03,False,442,2026-08-01T01:00:00,2026-08-02T00:00:00,
ORD2026090473,c_5106,BD_A,1001003,Pan Pacific Singapore,Singapore,Singapore,5,Global Chain,Deluxe Room,Standard,King,Breakfast,1,2026-09-21,2026-09-23,2,4956.81,4213.29,743.52,594.82,False,335,2026-08-01T07:00:00,2026-08-02T00:00:00,
ORD2026090474,c_5107,BD_A,1001001,Marina Bay Sands,Singapore,Singapore,5,Global Chain,Deluxe Room,Standard,King,Breakfast,1,2026-09-24,2026-09-28,4,1308.47,1112.2,196.27,157.02,False,119,2026-08-01T13:00:00,2026-08-02T00:00:00,CAMP_F1_SG_2026
ORD2026090475,c_5108,BD_A,1001002,The Fullerton Hotel Singapore,Singapore,Singapore,5,Global Chain,Deluxe Room,Standard,King,Breakfast,1,2026-09-22,2026-09-25,3,3140.69,2669.59,471.1,376.88,False,635,2026-08-01T02:00:00,2026-08-02T00:00:00,CAMP_F1_SG_2026
ORD2026090476,c_5109,BD_A,1001001,Marina Bay Sands,Singapore,Singapore,5,Global Chain,Deluxe Room,Standard,King,Breakfast,1,2026-09-20,2026-09-24,4,672.4,571.54,100.86,80.69,True,614,2026-08-01T18:00:00,2026-08-02T00:00:00,
ORD2026090477,c_5110,BD_A,1001002,The Fullerton Hotel Singapore,Singapore,Singapore,5,Global Chain,Deluxe Room,Standard,King,Breakfast,1,2026-09-19,2026-09-22,3,2649.24,2251.85,397.39,317.91,False,600,2026-08-01T21:00:00,2026-08-02T00:00:00,
ORD2026090478,c_5112,BD_A,1001001,Marina Bay Sands,Singapore,Singapore,5,Global Chain,Deluxe Room,Standard,King,Breakfast,1,2026-09-24,2026-09-26,2,3594.28,3055.14,539.14,431.31,False,411,2026-08-01T00:00:00,2026-08-02T00:00:00,CAMP_F1_SG_2026
ORD2026090479,c_5113,BD_A,1001001,Marina Bay Sands,Singapore,Singapore,5,Global Chain,Deluxe Room,Standard,King,Breakfast,1,2026-09-18,2026-09-20,2,4456.05,3787.64,668.41,534.73,True,342,2026-08-01T19:00:00,2026-08-02T00:00:00,
ORD2026090480,c_5114,BD_A,1001005,Parkroyal Collection Marina Bay,Singapore,Singapore,4,Global Chain,Deluxe Room,Standard,King,Breakfast,1,2026-09-15,2026-09-17,2,3815.44,3243.12,572.32,457.85,True,111,2026-08-01T00:00:00,2026-08-02T00:00:00,
ORD2026090481,c_5116,BD_A,1001005,Parkroyal Collection Marina Bay,Singapore,Singapore,4,Global Chain,Deluxe Room,Standard,King,Breakfast,1,2026-09-17,2026-09-20,3,2025.6,1721.76,303.84,243.07,True,153,2026-08-01T06:00:00,2026-08-02T00:00:00,
ORD2026090482,c_5117,BD_A,1001003,Pan Pacific Singapore,Singapore,Singapore,5,Global Chain,Deluxe Room,Standard,King,Breakfast,1,2026-09-19,2026-09-21,2,4754.54,4041.36,713.18,570.54,True,268,2026-08-01T04:00:00,2026-08-02T00:00:00,
ORD2026090483,c_5119,BD_A,1001005,Parkroyal Collection Marina Bay,Singapore,Singapore,4,Global Chain,Deluxe Room,Standard,King,Breakfast,1,2026-09-17,2026-09-20,3,3459.48,2940.56,518.92,415.14,True,579,2026-08-01T14:00:00,2026-08-02T00:00:00,
ORD2026090484,c_5121,BD_A,1001001,Marina Bay Sands,Singapore,Singapore,5,Global Chain,Deluxe Room,Standard,King,Breakfast,1,2026-09-19,2026-09-22,3,1052.07,894.26,157.81,126.25,True,71,2026-08-01T07:00:00,2026-08-02T00:00:00,
ORD2026090485,c_5122,BD_A,1001001,Marina Bay Sands,Singapore,Singapore,5,Global Chain,Deluxe Room,Standard,King,Breakfast,1,2026-09-17,2026-09-21,4,1173.08,997.12,175.96,140.77,True,489,2026-08-01T01:00:00,2026-08-02T00:00:00,
ORD2026090486,c_5123,BD_A,1001003,Pan Pacific Singapore,Singapore,Singapore,5,Global Chain,Deluxe Room,Standard,King,Breakfast,1,2026-09-25,2026-09-28,3,1598.43,1358.67,239.76,191.81,False,77,2026-08-01T21:00:00,2026-08-02T00:00:00,
ORD2026090487,c_5124,BD_A,1001002,The Fullerton Hotel Singapore,Singapore,Singapore,5,Global Chain,Deluxe Room,Standard,King,Breakfast,1,2026-09-16,2026-09-20,4,4028.26,3424.02,604.24,483.39,False,148,2026-08-01T01:00:00,2026-08-02T00:00:00,
ORD2026090488,c_5126,BD_A,1001001,Marina Bay Sands,Singapore,Singapore,5,Global Chain,Deluxe Room,Standard,King,Breakfast,1,2026-09-18,2026-09-21,3,2337.71,1987.05,350.66,280.53,True,157,2026-08-01T06:00:00,2026-08-02T00:00:00,CAMP_F1_SG_2026
ORD2026090489,c_5127,BD_A,1001002,The Fullerton Hotel Singapore,Singapore,Singapore,5,Global Chain,Deluxe Room,Standard,King,Breakfast,1,2026-09-16,2026-09-20,4,4456.49,3788.02,668.47,534.78,True,240,2026-08-01T02:00:00,2026-08-02T00:00:00,
ORD2026090490,c_5128,BD_A,1001004,Swissotel The Stamford,Singapore,Singapore,5,Global Chain,Deluxe Room,Standard,King,Breakfast,1,2026-09-16,2026-09-20,4,4713.58,4006.54,707.04,565.63,True,686,2026-08-01T20:00:00,2026-08-02T00:00:00,CAMP_F1_SG_2026
ORD2026090491,c_5130,BD_A,1001002,The Fullerton Hotel Singapore,Singapore,Singapore,5,Global Chain,Deluxe Room,Standard,King,Breakfast,1,2026-09-21,2026-09-23,2,1836.76,1561.25,275.51,220.41,True,701,2026-08-01T05:00:00,2026-08-02T00:00:00,
ORD2026090492,c_5132,BD_A,1001004,Swissotel The Stamford,Singapore,Singapore,5,Global Chain,Deluxe Room,Standard,King,Breakfast,1,2026-09-23,2026-09-27,4,3364.88,2860.15,504.73,403.79,True,605,2026-08-01T15:00:00,2026-08-02T00:00:00,CAMP_F1_SG_2026
ORD2026090493,c_5134,BD_A,1001001,Marina Bay Sands,Singapore,Singapore,5,Global Chain,Deluxe Room,Standard,King,Breakfast,1,2026-09-15,2026-09-17,2,1366.78,1161.76,205.02,164.01,True,170,2026-08-01T01:00:00,2026-08-02T00:00:00,CAMP_F1_SG_2026
ORD2026090494,c_5135,BD_A,1001002,The Fullerton Hotel Singapore,Singapore,Singapore,5,Global Chain,Deluxe Room,Standard,King,Breakfast,1,2026-09-16,2026-09-19,3,1027.24,873.15,154.09,123.27,False,211,2026-08-01T17:00:00,2026-08-02T00:00:00,
ORD2026090495,c_5136,BD_A,1001005,Parkroyal Collection Marina Bay,Singapore,Singapore,4,Global Chain,Deluxe Room,Standard,King,Breakfast,1,2026-09-24,2026-09-26,2,3349.2,2846.82,502.38,401.9,True,387,2026-08-01T06:00:00,2026-08-02T00:00:00,
ORD2026090496,c_5137,BD_A,1001005,Parkroyal Collection Marina Bay,Singapore,Singapore,4,Global Chain,Deluxe Room,Standard,King,Breakfast,1,2026-09-25,2026-09-28,3,2632.14,2237.32,394.82,315.86,False,343,2026-08-01T16:00:00,2026-08-02T00:00:00,
ORD2026090497,c_5138,BD_A,1001001,Marina Bay Sands,Singapore,Singapore,5,Global Chain,Deluxe Room,Standard,King,Breakfast,1,2026-09-21,2026-09-24,3,2131.03,1811.38,319.65,255.72,True,232,2026-08-01T19:00:00,2026-08-02T00:00:00,CAMP_F1_SG_2026
ORD2026090498,c_5139,BD_A,1001003,Pan Pacific Singapore,Singapore,Singapore,5,Global Chain,Deluxe Room,Standard,King,Breakfast,1,2026-09-19,2026-09-22,3,2021.34,1718.14,303.2,242.56,True,335,2026-08-01T10:00:00,2026-08-02T00:00:00,
ORD2026090499,c_5140,BD_A,1001003,Pan Pacific Singapore,Singapore,Singapore,5,Global Chain,Deluxe Room,Standard,King,Breakfast,1,2026-09-20,2026-09-22,2,661.07,561.91,99.16,79.33,False,655,2026-08-01T02:00:00,2026-08-02T00:00:00,
